Data,CVRDA6,CVRDB6,VALE18,VALE19,VALE28,VALE29,VALE38,VALE48
2002-12-13,0.018691,,,,,,,
2002-12-27,0.018691,,,,,,,
2003-01-10,0.020156,,,,,,,
2003-02-13,0.019678,,,,,,,
2003-02-21,0.020136,,,,,,,
2003-02-26,0.020433,,,,,,,
2003-02-28,0.020174,,,,,,,
2003-03-06,0.042754,,,,,,,
2003-03-07,0.020166,,,,,,,
2003-03-12,0.019926,,,,,,,
2003-04-16,0.02034,,,,,,,
2003-04-17,0.020318,,,,,,,
2003-04-23,0.020373,,,,,,,
2003-04-30,0.021,,,,,,,
2003-05-05,0.02041,,,,,,,
2003-05-09,0.02,,,,,,,
2003-05-14,0.020515000000000002,,,,,,,
2003-05-21,0.020444999999999998,,,,,,,
2003-05-29,0.020444999999999998,,,,,,,
2003-05-30,0.020444999999999998,,,,,,,
2003-06-05,0.020449000000000002,,,,,,,
2003-06-13,0.042754,,,,,,,
2003-06-16,0.042754,,,,,,,
2003-06-20,0.029869999999999997,,,,,,,
2003-07-04,0.020271,,,,,,,
2003-07-05,0.020472999999999998,,,,,,,
2003-07-07,0.02014,,,,,,,
2003-07-15,0.017761000000000002,,,,,,,
2003-07-18,0.016543000000000002,,,,,,,
2003-07-31,0.03701,,,,,,,
2003-08-07,0.017761000000000002,,,,,,,
2003-08-09,0.020156,,,,,,,
2003-08-29,0.020156,,,,,,,
2003-09-10,0.039560000000000005,,,,,,,
2003-10-16,0.020291999999999998,,,,,,,
2003-10-23,0.019655000000000002,,,,,,,
2003-10-31,0.020426,,,,,,,
2003-11-08,0.03,,,,,,,
2003-11-13,0.024484,,,,,,,
2003-11-19,0.020463,,,,,,,
2003-11-25,0.020472,,,,,,,
2003-12-08,0.04,,,,,,,
2003-12-12,0.01225,,,,,,,
2003-12-15,0.036851999999999996,,,,,,,
2003-12-17,0.019913,,,,,,,
2003-12-23,0.019913,,,,,,,
2004-01-03,0.01,,,,,,,
2004-01-09,0.06,0.06,,,,,,
2004-01-10,0.0523,,,,,,,
2004-01-21,0.020789,,,,,,,
2004-01-22,0.020796000000000002,,,,,,,
2004-01-26,0.020737000000000002,,,,,,,
2004-02-03,0.037,,,,,,,
2004-02-04,0.03,,,,,,,
2004-02-07,0.0205,,,,,,,
2004-02-12,0.07,,,,,,,
2004-03-03,0.04,,,,,,,
2004-03-06,,0.021546,,,,,,
2004-03-30,0.033237,,,,,,,
2004-04-06,0.021835,,,,,,,
2004-04-10,0.04,,,,,,,
2004-04-27,0.01,,,,,,,
2004-04-30,0.01,,,,,,,
2004-05-05,0.0199,,,,,,,
2004-05-08,0.06,,,,,,,
2004-05-13,0.020463,,,,,,,
2004-05-14,0.02,,,,,,,
2004-05-17,0.012107999999999999,,,,,,,
2004-05-19,0.021546,,,,,,,
2004-05-21,,0.021546,,,,,,
2004-05-24,0.06,,,,,,,
2004-06-01,0.019924,,,,,,,
2004-06-04,0.03,,,,,,,
2004-06-10,0.047679,,,,,,,
2004-06-12,0.06,0.031609,,,,,,
2004-06-15,0.020366,,,,,,,
2004-06-18,0.013361000000000001,,,,,,,
2004-06-22,0.0207,,,,,,,
2004-06-23,0.0207,,,,,,,
2004-06-24,0.0207,,,,,,,
2004-06-29,0.06,,,,,,,
2004-07-05,0.01,,,,,,,
2004-07-07,0.035666,,,,,,,
2004-07-12,0.06,,,,,,,
2004-07-16,0.02925,,,,,,,
2004-07-23,0.03,,,,,,,
2004-08-11,0.02,,,,,,,
2004-09-11,0.04,,,,,,,
2004-09-13,0.02,,,,,,,
2004-09-15,0.04,,,,,,,
2004-09-17,0.04,,,,,,,
2004-09-24,0.04,0.022690000000000002,,,,,,
2004-09-28,,0.07422999999999999,,,,,,
2004-09-29,0.022744999999999998,,,,,,,
2004-09-30,0.04,,,,,,,
2004-10-05,0.0198,,,,,,,
2004-10-09,0.022690000000000002,,,,,,,
2004-10-11,0.050660000000000004,,,,,,,
2004-10-19,0.03,,,,,,,
2004-10-25,0.052067999999999996,,,,,,,
2004-10-27,0.07,,,,,,,
2004-11-02,0.03,,,,,,,
2004-11-05,0.026,,,,,,,
2004-11-16,0.040177,,,,,,,
2004-11-18,0.014112000000000001,,,,,,,
2004-11-24,0.018082,,,,,,,
2004-11-25,0.023992,,,,,,,
2004-12-11,0.029954,,,,,,,
2004-12-15,0.06,,,,,,,
2004-12-16,0.02005,,,,,,,
2004-12-21,0.044299,,,,,,,
2004-12-29,0.049797,,,,,,,
2004-12-30,0.03,,,,,,,
2005-01-02,0.06,,,,,,,
2005-01-04,0.043332999999999997,,,,,,,
2005-01-08,0.019645,,,,,,,
2005-01-09,0.023622999999999998,,,,,,,
2005-01-11,0.05,,,,,,,
2005-01-14,0.03,,,,,,,
2005-01-18,0.07,,,,,,,
2005-02-06,0.05,,,,,,,
2005-02-14,0.03,,,,,,,
2005-02-16,0.03,,,,,,,
2005-03-03,0.06,,,,,,,
2005-03-08,0.05,,,,,,,
2005-03-11,0.05,,,,,,,
2005-03-14,0.03,,,,,,,
2005-03-15,0.06,,,,,,,
2005-03-16,0.0305,,,,,,,
2005-03-21,0.037533,,,,,,,
2005-03-22,0.034753,,,,,,,
2005-03-23,0.043332999999999997,,,,,,,
2005-03-31,0.04,,,,,,,
2005-04-01,0.066666,,,,,,,
2005-04-04,0.0414,,,,,,,
2005-04-19,0.043308,,,,,,,
2005-04-27,0.06,,,,,,,
2005-05-16,0.061,,,,,,,
2005-05-17,0.061,,,,,,,
2005-05-19,0.06,,,,,,,
2005-05-20,0.06,,,,,,,
2005-05-25,0.05,,,,,,,
2005-06-06,0.02,,,,,,,
2005-06-29,0.05,,,,,,,
2005-07-06,0.048750999999999996,,,,,,,
2005-07-13,0.06,,,,,,,
2005-07-14,0.06,,,,,,,
2005-07-15,0.06,,,,,,,
2005-08-03,0.03,,,,,,,
2005-08-11,0.06,,,,,,,
2005-08-17,0.02,,,,,,,
2005-08-18,0.05,,,,,,,
2005-08-19,0.05,,,,,,,
2005-08-25,0.05,,,,,,,
2005-08-30,0.05,,,,,,,
2005-09-08,0.05,,,,,,,
2005-09-09,0.05,,,,,,,
2005-09-12,0.966666,,,,,,,
2005-09-23,0.0235,,,,,,,
2005-10-28,1.0,,,,,,,
2005-11-03,0.05,,,,,,,
2005-11-07,0.06,,,,,,,
2005-11-11,0.05,,,,,,,
2005-11-16,0.023512,,,,,,,
2005-11-17,0.05,,,,,,,
2005-12-28,0.021952,,,,,,,
2006-01-08,0.747488,,,,,,,
2006-01-11,1.7,,,,,,,
2006-01-16,0.060999,,,,,,,
2006-01-17,0.02,,,,,,,
2006-01-18,0.019993,,,,,,,
2006-01-19,0.019993,,,,,,,
2006-01-30,0.96,,,,,,,
2006-02-06,1.516666,,,,,,,
2006-03-04,1.045,,,,,,,
2006-04-04,1.198125,,,,,,,
2006-04-10,1.9697470000000001,,,,,,,
2006-04-12,1.9,,,,,,,
2006-04-13,0.052277,,,,,,,
2006-04-19,0.5,,,,,,,
2006-04-20,0.5003,,,,,,,
2006-05-04,1.2,,,,,,,
2006-05-16,1.499,,,,,,,
2006-05-24,0.09995,,,,,,,
2006-05-29,1.516666,,,,,,,
2006-06-07,0.3,,,,,,,
2006-06-14,1.7,,,,,,,
2006-06-19,0.047494999999999996,,,,,,,
2006-06-20,0.105932,,,,,,,
2006-06-23,1.4,,,,,,,
2006-06-27,1.4,,,,,,,
2006-06-30,0.274252,,,,,,,
2006-07-04,1.2,,,,,,,
2006-07-06,1.8,,,,,,,
2006-07-07,1.272197,,,,,,,
2006-07-08,1.725,,,,,,,
2006-07-13,0.3,,,,,,,
2006-07-14,0.125666,,,,,,,
2006-07-18,0.11,,,,,,,
2006-07-19,0.023908000000000002,,,,,,,
2006-07-21,0.023908000000000002,,,,,,,
2006-07-24,1.697916,,,,,,,
2006-07-25,1.7,,,,,,,
2006-07-26,2.025794,,,,,,,
2006-08-02,1.2,,,,,,,
2006-08-09,1.65,,,,,,,
2006-08-14,0.645304,,,,,,,
2006-08-15,0.85,,,,,,,
2006-08-17,1.333333,,,,,,,
2006-08-25,1.7,,,,,,,
2006-08-30,1.75,,,,,,,
2006-09-05,1.206,,,,,,,
2006-09-14,0.023233,,,,,,,
2006-09-15,1.6990740000000002,,,,,,,
2006-09-20,1.85,,,,,,,
2006-09-21,2.0,0.10346199999999998,,,,,,
2006-09-26,1.745,,,,,,,
2006-09-27,,0.1055,,,,,,
2006-09-28,1.7,,,,,,,
2006-09-29,1.7,,,,,,,
2006-10-05,0.020182,,,,,,,
2006-10-07,1.3,,,,,,,
2006-10-08,1.7,,,,,,,
2006-10-10,0.803333,,,,,,,
2006-10-11,0.01,,,,,,,
2006-10-16,0.12,,,,,,,
2006-10-18,1.8,,,,,,,
2006-10-19,,1.35,,,,,,
2006-10-24,0.9966659999999999,,,,,,,
2006-10-27,1.7414,,,,,,,
2006-11-04,0.06,,,,,,,
2006-11-05,1.5,,,,,,,
2006-11-13,0.022066,,,,,,,
2006-11-14,0.196428,,,,,,,
2006-11-16,0.021133000000000002,,,,,,,
2006-11-21,1.102871,,,,,,,
2006-11-24,0.5605760000000001,,,,,,,
2006-11-28,1.766666,,,,,,,
2006-11-29,0.021235,,,,,,,
2006-11-30,1.2,,,,,,,
2006-12-06,1.043243,,,,,,,
2006-12-07,1.5125,,,,,,,
2006-12-12,1.166666,,,,,,,
2006-12-13,1.254,,,,,,,
2006-12-15,1.75,,,,,,,
2006-12-21,1.9,,,,,,,
2006-12-26,1.0,,,,,,,
2006-12-28,0.085368,,,,,,,
2007-01-06,1.9667270000000001,,,,,,,
2007-01-10,2.0,,,,,,,
2007-01-11,2.306863,,,,,,,
2007-01-19,1.47,,,,,,,
2007-01-22,1.499,,,,,,,
2007-01-25,1.0,,,,,,,
2007-01-26,1.0,,,,,,,
2007-01-29,1.7,,,,,,,
2007-01-31,1.35799,,,,,,,
2007-02-10,1.9,,,,,,,
2007-02-13,1.10906,,,,,,,
2007-02-14,1.2822040000000001,,,,,,,
2007-03-04,1.8,,,,,,,
2007-03-05,1.9,,,,,,,
2007-03-07,2.0,,,,,,,
2007-03-08,1.915843,,,,,,,
2007-03-09,1.85,,,,,,,
2007-03-10,1.9,,,,,,,
2007-03-12,2.4,,,,,,,
2007-03-13,1.7833330000000003,,,,,,,
2007-03-14,1.7015619999999998,,,,,,,
2007-03-15,1.5458370000000001,,,,,,,
2007-03-16,1.805539,,,,,,,
2007-03-20,,1.5,,,,,,
2007-03-23,1.857692,,,,,,,
2007-03-26,1.925,,,,,,,
2007-03-30,1.852642,,,,,,,
2007-04-01,1.1,,,,,,,
2007-04-04,1.925,,,,,,,
2007-04-05,1.9,,,,,,,
2007-04-06,1.95,,,,,,,
2007-04-07,1.99,,,,,,,
2007-04-09,1.85,,,,,,,
2007-04-10,,2.01,,,,,,
2007-04-12,2.425712,,,,,,,
2007-04-17,1.9911849999999998,,,,,,,
2007-04-20,2.1,,,,,,,
2007-04-23,1.85,,,,,,,
2007-04-27,1.4,,,,,,,
2007-04-30,2.1,,,,,,,
2007-05-01,1.1018780000000001,,,,,,,
2007-05-02,1.7,,,,,,,
2007-05-03,1.7,,,,,,,
2007-05-07,1.999972,,,,,,,
2007-05-10,2.166666,,,,,,,
2007-05-11,2.37,,,,,,,
2007-05-15,2.01,,,,,,,
2007-05-16,1.8974799999999998,,,,,,,
2007-05-17,2.0,,,,,,,
2007-05-18,1.901878,,,,,,,
2007-05-21,1.996,,,,,,,
2007-05-22,1.99,,,,,,,
2007-05-24,1.95,,,,,,,
2007-05-25,1.95,,,,,,,
2007-05-30,1.99,,,,,,,
2007-06-08,1.85,,,,,,,
2007-06-09,1.85,,,,,,,
2007-06-11,2.4038459999999997,,,,,,,
2007-06-12,2.4469369999999997,,,,,,,
2007-06-20,1.8158009999999998,,,,,,,
2007-06-25,2.1,,,,,,,
2007-06-26,2.012449,,,,,,,
2007-06-27,2.0,,,,,,,
2007-06-28,1.99,,,,,,,
2007-07-02,1.807014,,,,,,,
2007-07-03,1.649,,,,,,,
2007-07-05,1.95,,,,,,,
2007-07-08,1.85,,,,,,,
2007-07-11,2.35,,,,,,,
2007-07-16,1.930434,,,,,,,
2007-07-24,1.9,,,,,,,
2007-07-25,1.8210950000000001,,,,,,,
2007-07-26,1.907875,,,,,,,
2007-07-30,1.927644,,,,,,,
2007-08-08,1.9,,,,,,,
2007-08-14,1.85,,,,,,,
2007-08-15,1.9,,,,,,,
2007-08-21,1.8499990000000002,,,,,,,
2007-08-27,1.85,,,,,,,
2007-08-28,1.8933959999999999,,,,,,,
2007-08-29,1.802919,,,,,,,
2007-09-01,1.9,,,,,,,
2007-09-03,1.297561,,,,,,,
2007-09-05,1.98,,,,,,,
2007-09-11,2.376,,,,,,,
2007-09-14,1.75,,,,,,,
2007-09-17,1.8499990000000002,,,,,,,
2007-09-18,1.85,,,,,,,
2007-09-19,1.85,,,,,,,
2007-09-20,1.85,1.8,,,,,,
2007-09-21,1.8599919999999999,,,,,,,
2007-09-24,1.8978080000000002,,,,,,,
2007-09-26,1.9636419999999999,,,,,,,
2007-09-27,1.96,1.9,,,,,,
2007-09-28,2.0,,,,,,,
2007-10-01,1.2,,,,,,,
2007-10-04,2.28,,,,,,,
2007-10-05,1.98,,,,,,,
2007-10-09,1.85,,,,,,,
2007-10-12,2.383521,,,,,,,
2007-10-15,2.2,,,,,,,
2007-10-17,2.2,,,,,,,
2007-10-18,2.2,,,,,,,
2007-10-19,2.178517,,,,,,,
2007-10-24,2.2,,,,,,,
2007-10-25,2.2,,,,,,,
2007-10-26,2.0793470000000003,,,,,,,
2007-10-29,2.09,,,,,,,
2007-10-30,2.094202,,,,,,,
2007-10-31,2.216708,,,,,,,
2007-11-06,2.0,,,,,,,
2007-11-07,1.8,,,,,,,
2007-11-09,1.75,,,,,,,
2007-11-10,2.295305,,,,,,,
2007-11-13,2.42,,,,,,,
2007-11-14,2.3,,,,,,,
2007-11-16,2.389256,,,,,,,
2007-11-19,2.4,,,,,,,
2007-11-26,2.36,,,,,,,
2007-11-27,2.371897,,,,,,,
2007-11-28,2.393495,,,,,,,
2007-11-29,2.4,,,,,,,
2007-11-30,2.475,,,,,,,
2007-12-01,1.775,,,,,,,
2007-12-04,1.85,,,,,,,
2007-12-06,2.061363,,,,,,,
2007-12-09,1.8,,,,,,,
2007-12-12,2.0,,,,,,,
2007-12-13,2.5,,,,,,,
2007-12-14,2.55,,,,,,,
2007-12-19,2.475,,,,,,,
2007-12-26,2.5032,,,,,,,
2008-01-02,2.5,,,,,,,
2008-01-04,2.5,,,,,,,
2008-01-28,2.772,,,,,,,
2008-01-30,2.5,,,,,,,
2008-01-31,2.7,,,,,,,
2008-02-13,2.3,,,,,,,
2008-02-19,2.4,,,,,,,
2008-02-20,2.4,,,,,,,
2008-02-25,2.4,,,,,,,
2008-02-26,2.5,,,,,,,
2008-02-28,2.421722,,,,,,,
2008-02-29,2.5,,,,,,,
2008-03-03,2.4,,,,,,,
2008-03-18,2.7,,,,,,,
2008-03-20,2.8,,,,,,,
2008-03-25,2.7410810000000003,,,,,,,
2008-03-26,2.6,,,,,,,
2008-04-01,2.4948,,,,,,,
2008-04-08,2.42,,,,,,,
2008-04-12,2.2,,,,,,,
2008-04-15,2.4,,,,,,,
2008-04-18,2.41,,,,,,,
2008-04-24,2.6,,,,,,,
2008-04-28,2.599999,,,,,,,
2008-04-29,2.5,,,,,,,
2008-05-05,2.445562,,,,,,,
2008-05-09,2.3440950000000003,,,,,,,
2008-05-12,2.2,,,,,,,
2008-05-14,2.5,,,,,,,
2008-05-15,2.5,,,,,,,
2008-05-20,,1.8,,,,,,
2008-05-29,2.55,,,,,,,
2008-05-30,2.55,,,,,,,
2008-06-05,2.5,,,,,,,
2008-06-10,2.6,,,,,,,
2008-06-11,2.35,,,,,,,
2008-06-16,,2.45,,,,,,
2008-06-19,2.5,,,,,,,
2008-06-20,2.55,,,,,,,
2008-06-23,2.500016,,,,,,,
2008-07-01,2.52,,,,,,,
2008-07-07,,2.55,,,,,,
2008-07-08,2.05,,,,,,,
2008-07-10,2.4026080000000003,,,,,,,
2008-07-11,2.5,,,,,,,
2008-07-15,2.5,,,,,,,
2008-07-16,2.102921,,,,,,,
2008-07-17,2.15,,,,,,,
2008-07-23,2.15,,,,,,,
2008-07-29,2.275,,,,,,,
2008-07-30,2.419797,,,,,,,
2008-08-05,2.5,,,,,,,
2008-08-08,2.4,,,,,,,
2008-08-15,2.44,,,,,,,
2008-08-18,2.44854,,,,,,,
2008-08-20,2.336318,,,,,,,
2008-08-21,2.282614,,,,,,,
2008-08-22,2.3432619999999997,,,,,,,
2008-08-25,2.394413,,,,,,,
2008-08-26,2.3,,,,,,,
2008-08-27,2.3629689999999997,,,,,,,
2008-08-28,2.37154,,,,,,,
2008-09-01,2.5,,,,,,,
2008-09-18,2.7,,,,,,,
2008-09-24,2.55,,,,,,,
2008-09-29,2.59,,,,,,,
2008-09-30,2.8,,,,,,,
2008-10-01,2.5,,,,,,,
2008-10-07,2.5,,,,,,,
2008-10-10,2.4,,,,,,,
2008-10-11,2.370689,,,,,,,
2008-10-12,2.5,,,,,,,
2008-10-20,2.5,,,,,,,
2008-10-23,2.5,,,,,,,
2008-10-27,2.5,,,,,,,
2008-10-31,2.5035529999999997,,,,,,,
2008-11-02,2.45,,,,,,,
2008-11-03,2.55,,,,,,,
2008-11-06,2.75,,,,,,,
2008-11-08,2.4084,,,,,,,
2008-11-09,3.0,,,,,,,
2008-11-11,1.9,,,,,,,
2008-11-12,2.3544110000000003,,,,,,,
2008-11-13,2.505862,,,,,,,
2008-11-14,2.5,,,,,,,
2008-11-17,2.5,,,,,,,
2008-11-24,2.5,,,,,,,
2008-11-26,2.3,,,,,,,
2008-11-28,2.275842,,,,,,,
2008-12-03,2.67,,,,,,,
2008-12-11,2.1,,,,,,,
2008-12-12,2.442245,,,,,,,
2008-12-16,2.520925,,,,,,,
2008-12-19,2.5,,,,,,,
2008-12-22,2.335542,,,,,,,
2008-12-26,1.7,,,,,,,
2008-12-30,2.35,,,,,,,
2009-01-07,2.5044,,,,,,,
2009-01-12,3.5,,,,,,,
2009-01-14,2.236093,,,,,,,
2009-01-15,2.2,,,,,,,
2009-01-19,2.5,,,,,,,
2009-01-22,2.1037,,,,,,,
2009-01-26,2.0536,,,,,,,
2009-01-27,2.25,,,,,,,
2009-01-28,2.2420880000000003,,,,,,,
2009-01-30,2.285,,,,,,,
2009-02-02,2.37,,,,,,,
2009-02-03,2.042857,,,,,,,
2009-02-04,2.055,,,,,,,
2009-02-07,2.549738,,,,,,,
2009-02-09,2.75,,,,,,,
2009-02-17,2.5,,,,,,,
2009-02-27,2.246809,,,,,,,
2009-03-02,2.225798,,,,,,,
2009-03-03,2.0785080000000002,,,,,,,
2009-03-04,2.066875,,,,,,,
2009-03-12,3.5,,,,,,,
2009-03-16,2.46875,,,,,,,
2009-03-18,2.220689,,,,,,,
2009-03-19,2.21,,,,,,,
2009-03-20,2.5,,,,,,,
2009-03-23,2.5,,,,,,,
2009-03-27,2.611678,,,,,,,
2009-03-31,2.044054,,,,,,,
2009-04-02,2.336363,,,,,,,
2009-04-03,2.201998,,,,,,,
2009-04-05,2.7,,,,,,,
2009-04-06,2.3088,,,,,,,
2009-04-08,2.7,,,,,,,
2009-04-11,3.745454,,,,,,,
2009-04-14,2.1359,,,,,,,
2009-04-17,2.0,,,,,,,
2009-04-22,2.502015,,,,,,,
2009-04-24,1.8,,,,,,,
2009-04-27,2.0736,,,,,,,
2009-05-02,2.33,,,,,,,
2009-05-06,2.55,,,,,,,
2009-05-11,3.519826,,,,,,,
2009-05-18,2.45,,,,,,,
2009-05-19,2.394,,,,,,,
2009-05-21,2.552345,,,,,,,
2009-05-25,2.4875,,,,,,,
2009-06-01,2.081818,,,,,,,
2009-06-16,2.5,,,,,,,
2009-06-17,2.5,,,,,,,
2009-06-18,2.5399990000000003,,,,,,,
2009-06-19,2.5399990000000003,,,,,,,
2009-06-22,2.5459419999999997,,,,,,,
2009-06-23,2.45,,,,,,,
2009-06-25,2.7,,,,,,,
2009-06-29,2.5,,,,,,,
2009-06-30,2.0,,,,,,,
2009-07-01,2.1,,,,,,,
2009-07-04,2.022242,,,,,,,
2009-07-05,2.397909,,,,,,,
2009-07-07,2.5399990000000003,,,,,,,
2009-07-12,3.5,,,,,,,
2009-07-14,2.55196,,,,,,,
2009-07-15,2.4,,,,,,,
2009-07-16,2.52504,,,,,,,
2009-07-20,2.5,,,,,,,
2009-07-21,2.5088,,,,,,,
2009-07-22,2.7,,,,,,,
2009-07-23,2.7,,,,,,,
2009-07-27,2.7,,,,,,,
2009-07-28,2.4,,,,,,,
2009-07-29,2.7,,,,,,,
2009-08-01,2.1037,,,,,,,
2009-08-04,2.111,,,,,,,
2009-08-06,2.46,,,,,,,
2009-08-12,3.5,,,,,,,
2009-08-14,2.7,,,,,,,
2009-08-19,2.7,,,,,,,
2009-09-01,2.1037,,,,,,,
2009-09-02,2.19861,,,,,,,
2009-09-03,2.5,,,,,,,
2009-09-04,2.102383,,,,,,,
2009-09-06,2.4,,,,,,,
2009-09-09,2.9733330000000002,,,,,,,
2009-09-16,3.0,,,,,,,
2009-09-18,3.21,,,,,,,
2009-09-21,3.133756,,,,,,,
2009-09-22,3.006842,,,,,,,
2009-09-28,3.5,,,,,,,
2009-10-03,2.5,,,,,,,
2009-10-11,3.8153610000000002,,,,,,,
2009-10-14,4.166666,,,,,,,
2009-10-15,4.0,,,,,,,
2009-10-16,3.0,,,,,,,
2009-10-19,3.105022,,,,,,,
2009-10-20,4.0,,,,,,,
2009-10-21,4.0,,,,,,,
2009-10-22,3.95,,,,,,,
2009-10-26,3.95,,,,,,,
2009-10-29,3.0,,,,,,,
2009-11-08,2.65,,,,,,,
2009-11-12,3.5,,,,,,,
2009-11-18,4.0,,,,,,,
2009-11-26,3.99,,,,,,,
2009-11-27,3.4,,,,,,,
2009-11-30,3.4,,,,,,,
2009-12-06,2.3961330000000003,,,,,,,
2009-12-11,3.5,,,,,,,
2009-12-14,3.5,,,,,,,
2009-12-15,3.5,,,,,,,
2009-12-16,3.5,,,,,,,
2010-01-11,5.5,,,,,,,
2010-01-20,4.0,,,,,,,
2010-01-21,3.51,,,,,,,
2010-01-22,3.5,,,,,,,
2010-01-26,3.8,,,,,,,
2010-01-27,3.8,,,,,,,
2010-02-03,3.85,,,,,,,
2010-02-09,4.8,,,,,,,
2010-02-12,5.8,,,,,,,
2010-03-05,3.7,,,,,,,
2010-03-08,4.280412,,,,,,,
2010-03-09,5.0,,,,,,,
2010-03-12,5.5833330000000005,,,,,,,
2010-03-17,3.85,,,,,,,
2010-03-18,3.5065209999999998,,,,,,,
2010-03-19,3.5,,,,,,,
2010-03-23,3.7,,,,,,,
2010-03-24,3.535,,,,,,,
2010-03-25,3.6,,,,,,,
2010-03-30,3.45,,,,,,,
2010-03-31,3.8,,,,,,,
2010-04-05,3.8666660000000004,,,,,,,
2010-04-11,5.5,,,,,,,
2010-04-13,3.5,,,,,,,
2010-04-14,3.541086,,,,,,,
2010-04-15,3.615425,,,,,,,
2010-04-16,3.636174,,,,,,,
2010-04-19,3.608404,,,,,,,
2010-04-20,3.6042,,,,,,,
2010-04-22,3.604361,,,,,,,
2010-04-26,3.5962389999999997,,,,,,,
2010-04-27,3.602875,,,,,,,
2010-04-28,3.6126,,,,,,,
2010-04-29,3.6,,,,,,,
2010-04-30,3.6126,,,,,,,
2010-05-03,4.0,,,,,,,
2010-05-05,3.7,,,,,,,
2010-05-07,4.125786,,,,,,,
2010-05-08,4.6,,,,,,,
2010-05-10,5.0745,,,,,,,
2010-05-11,5.573529,,,,,,,
2010-05-17,4.0795,,,,,,,
2010-05-18,4.1,,,,,,,
2010-05-19,4.0,,,,,,,
2010-05-20,4.1,,,,,,,
2010-05-26,4.1205,,,,,,,
2010-05-27,4.12405,,,,,,,
2010-06-07,4.168,,,,,,,
2010-06-21,4.1,,,,,,,
2010-06-24,4.225,,,,,,,
2010-06-25,3.68,,,,,,,
2010-06-28,4.113666,,,,,,,
2010-06-30,4.0,,,,,,,
2010-07-07,4.2,,,,,,,
2010-07-12,5.5683419999999995,,,,,,,
2010-07-13,4.5,,,,,,,
2010-07-14,4.543019999999999,,,,,,,
2010-07-16,4.517857,,,,,,,
2010-07-23,4.280459,,,,,,,
2010-07-26,4.2,,,,,,,
2010-07-27,4.21,,,,,,,
2010-07-30,4.05,,,,,,,
2010-08-03,3.8,,,,,,,
2010-08-10,5.1,,,,,,,
2010-08-12,5.5,,,,,,,
2010-08-13,4.6,,,,,,,
2010-08-20,4.830588,,,,,,,
2010-08-26,4.599737,,,,,,,
2010-08-31,4.8,,,,,,,
2010-09-04,3.590679,,,,,,,
2010-09-06,4.179,,,,,,,
2010-09-08,4.0,,,,,,,
2010-09-12,5.5,,,,,,,
2010-09-15,4.3,,,,,,,
2010-09-20,5.2,,,,,,,
2010-09-29,5.1,,,,,,,
2010-10-02,3.8,,,,,,,
2010-10-06,4.2785,,,,,,,
2010-10-08,4.288311,,,,,,,
2010-10-26,5.2,,,,,,,
2010-10-27,5.5,,,,,,,
2010-10-28,5.5,,,,,,,
2010-10-29,5.5,,,,,,,
2010-11-03,3.85,,,,,,,
2010-11-05,4.02,,,,,,,
2010-11-08,4.6,,,,,,,
2010-11-10,5.1,,,,,,,
2010-11-16,5.6,,,,,,,
2010-11-18,5.5,,,,,,,
2010-11-23,5.3497010000000005,,,,,,,
2010-11-24,5.4492709999999995,,,,,,,
2010-11-25,5.5,,,,,,,
2010-11-26,5.5,,,,,,,
2010-11-30,5.5,,,,,,,
2010-12-04,3.0,,,,,,,
2010-12-08,4.628775,,,,,,,
2010-12-13,5.7,,,,,,,
2010-12-17,5.697312999999999,,,,,,,
2011-01-04,5.601468,,,,,,,
2011-01-06,5.6,,,,,,,
2011-01-07,5.81,,,,,,,
2011-01-11,6.489401,,,,,,,
2011-01-12,6.5,,,,,,,
2011-01-13,5.78,,,,,,,
2011-01-14,5.65,,,,,,,
2011-01-17,5.65,,,,,,,
2011-01-20,5.736829,,,,,,,
2011-01-21,5.5,,,,,,,
2011-01-26,5.65,,,,,,,
2011-01-27,5.9,,,,,,,
2011-01-28,5.9,,,,,,,
2011-02-02,5.75,,,,,,,
2011-02-03,5.9,,,,,,,
2011-02-06,5.75,,,,,,,
2011-02-08,5.92614,,,,,,,
2011-02-15,6.0,,,,,,,
2011-02-16,5.9,,,,,,,
2011-02-21,6.0,,,,,,,
2011-02-22,5.9,,,,,,,
2011-03-01,6.0,,,,,,,
2011-03-05,5.8,,,,,,,
2011-03-06,6.1,,,,,,,
2011-03-15,6.0,,,,,,,
2011-03-16,5.9,,,,,,,
2011-03-17,5.55,,,,,,,
2011-03-22,5.9,,,,,,,
2011-03-28,6.063114,,,,,,,
2011-03-29,6.05,,,,,,,
2011-03-30,5.833698,,,,,,,
2011-04-14,6.107678,,,,,,,
2011-04-18,5.80198,,,,,,,
2011-04-20,5.8,,,,,,,
2011-04-27,5.8,,,,,,,
2011-04-28,5.932926,,,,,,,
2011-04-29,6.2,,,,,,,
2011-05-04,4.9,,,,,,,
2011-05-07,5.898089,,,,,,,
2011-05-10,6.2,,,,,,,
2011-05-27,5.8,,,,,,,
2011-06-06,5.50992,,,,,,,
2011-06-13,6.06,,,,,,,
2011-06-15,5.85,,,,,,,
2011-06-20,5.6,,,,,,,
2011-06-21,5.8,,,,,,,
2011-06-22,5.8,,,,,,,
2011-06-24,5.8257449999999995,,,,,,,
2011-06-27,5.881818,,,,,,,
2011-06-28,5.9,,,,,,,
2011-06-29,6.0,,,,,,,
2011-06-30,6.06,,,,,,,
2011-07-01,5.7,,,,,,,
2011-07-04,6.15,,,,,,,
2011-07-06,5.804069,,,,,,,
2011-07-07,6.0,,,,,,,
2011-07-13,6.231,,,,,,,
2011-07-14,6.014814,,,,,,,
2011-07-18,6.066666000000001,,,,,,,
2011-07-20,5.987976000000001,,,,,,,
2011-07-21,6.1,,,,,,,
2011-07-22,6.207643,,,,,,,
2011-07-28,6.39,,,,,,,
2011-07-29,6.1,,,,,,,
2011-08-02,5.898626999999999,,,,,,,
2011-08-07,6.490508,,,,,,,
2011-08-09,6.098136,,,,,,,
2011-08-11,6.002233,,,,,,,
2011-08-22,5.661938,,,,,,,
2011-08-23,6.018,,,,,,,
2011-08-24,6.2,,,,,,,
2011-09-09,5.768382,,,,,,,
2011-09-11,6.5,,,,,,,
2011-09-12,6.5,,,,,,,
2011-09-16,6.1,,,,,,,
2011-09-19,6.1,,,,,,,
2011-09-20,6.028271,,,,,,,
2011-09-22,6.01,,,,,,,
2011-09-23,6.1,,,,,,,
2011-09-26,6.10635,,,,,,,
2011-09-27,6.19261,,,,,,,
2011-09-30,6.2,,,,,,,
2011-10-01,5.704484,,,,,,,
2011-10-06,6.0,,,,,,,
2011-10-14,6.2,,,,,,,
2011-10-24,6.2,,,,,,,
2011-10-26,5.9,,,,,,,
2011-10-27,5.982374,,,,,,,
2011-10-28,6.089823,,,,,,,
2011-10-31,6.209505,,,,,,,
2011-11-04,6.1,,,,,,,
2011-11-05,5.911538,,,,,,,
2011-11-16,6.2,,,,,,,
2011-11-22,6.0,,,,,,,
2011-11-23,6.5,,,,,,,
2011-11-24,6.5,,,,,,,
2011-11-25,6.2,,,,,,,
2011-11-28,6.5,,,,,,,
2011-11-30,6.51,,,,,,,
2011-12-04,6.06875,,,,,,,
2011-12-05,5.58,,,,,,,
2011-12-07,6.02528,,,,,,,
2011-12-12,6.5,,,,,,,
2011-12-15,6.504761,,,,,,,
2011-12-16,6.51,,,,,,,
2011-12-22,6.5,,,,,,,
2011-12-27,6.599450999999999,,,,,,,
2012-01-02,6.737546000000001,,,,,,,
2012-01-03,6.7,,,,,,,
2012-01-06,7.517014,,,,,,,
2012-01-08,9.5,,,,,,,
2012-01-11,9.13,,,,,,,
2012-01-13,6.6,,,,,,,
2012-01-16,6.65,,,,,,,
2012-01-18,6.714367,,,,,,,
2012-01-23,6.516666000000001,,,,,,,
2012-01-24,6.85,,,,,,,
2012-01-25,6.513058999999999,,,,,,,
2012-01-27,6.9,,,,,,,
2012-01-30,6.7,,,,,,,
2012-01-31,6.7560970000000005,,,,,,,
2012-02-02,6.513829,,,,,,,
2012-02-03,6.8255,,,,,,,
2012-02-04,7.04,,,,,,,
2012-02-07,8.68,,,,,,,
2012-02-08,9.28,,,,,,,
2012-02-15,7.235,,,,,,,
2012-02-16,7.1,,,,,,,
2012-02-17,6.9,,,,,,,
2012-02-23,7.2,,,,,,,
2012-02-28,6.905,,,,,,,
2012-02-29,6.77,,,,,,,
2012-03-05,7.15,,,,,,,
2012-03-08,9.25,,,,,,,
2012-03-13,7.201052000000001,,,,,,,
2012-03-14,7.4,,,,,,,
2012-03-15,7.3467080000000005,,,,,,,
2012-03-16,7.2,,,,,,,
2012-03-19,7.2678910000000005,,,,,,,
2012-03-20,7.4,,,,,,,
2012-03-21,7.2,,,,,,,
2012-03-23,7.2,,,,,,,
2012-03-27,7.45,,,,,,,
2012-03-30,6.984083,,,,,,,
2012-04-01,6.606666000000001,,,,,,,
2012-04-04,6.996794,,,,,,,
2012-04-07,8.9,,,,,,,
2012-04-12,8.79,,,,,,,
2012-04-13,7.1,,,,,,,
2012-04-19,7.0,,,,,,,
2012-04-20,7.45,,,,,,,
2012-04-23,7.45,,,,,,,
2012-04-24,7.3,,,,,,,
2012-04-25,7.1,,,,,,,
2012-04-26,7.1719289999999996,,,,,,,
2012-05-06,7.557892,,,,,,,
2012-05-07,,8.0,,,,,,
2012-05-09,8.628571,,,,,,,
2012-05-12,8.5,,,,,,,
2012-05-15,7.146744,,,,,,,
2012-05-21,7.333877,,,,,,,
2012-05-22,7.569675,,,,,,,
2012-05-24,7.283333,,,,,,,
2012-05-25,7.305,,,,,,,
2012-05-30,7.334650999999999,,,,,,,
2012-05-31,7.85,,,,,,,
2012-06-02,6.996693,,,,,,,
2012-06-03,6.95,,,,,,,
2012-06-06,7.322603,,,,,,,
2012-06-07,8.800103,,,,,,,
2012-06-08,9.01189,,,,,,,
2012-06-09,8.7,,,,,,,
2012-06-12,8.5,,,,,,,
2012-06-15,8.0,,,,,,,
2012-06-18,8.021951,,,,,,,
2012-06-20,8.304497,,,,,,,
2012-06-22,8.0,,,,,,,
2012-06-25,8.016641,,,,,,,
2012-06-27,8.0,,,,,,,
2012-06-28,8.0,,,,,,,
2012-06-29,8.325,,,,,,,
2012-07-11,8.719275,,,,,,,
2012-07-12,8.761538,,,,,,,
2012-07-17,9.3,,,,,,,
2012-07-18,8.73,,,,,,,
2012-07-19,9.360391,,,,,,,
2012-07-24,8.8,,,,,,,
2012-07-25,9.49,,,,,,,
2012-07-30,9.5,,,,,,,
2012-08-02,6.7,,,,,,,
2012-08-05,7.2,,,,,,,
2012-08-06,7.627777,,,,,,,
2012-08-10,9.0,,,,,,,
2012-08-11,9.018676,,,,,,,
2012-08-13,9.03,,,,,,,
2012-08-15,9.013711,,,,,,,
2012-08-16,9.1,,,,,,,
2012-08-17,9.15,,,,,,,
2012-08-20,9.09,,,,,,,
2012-08-24,9.038131,,,,,,,
2012-08-27,8.4,,,,,,,
2012-08-29,8.685176,,,,,,,
2012-08-30,8.541965,,,,,,,
2012-08-31,8.51875,,,,,,,
2012-09-02,6.9,,,,,,,
2012-09-05,7.21,,,,,,,
2012-09-11,8.858333,,,,,,,
2012-09-13,8.7,,,,,,,
2012-09-14,8.693103,,,,,,,
2012-09-18,8.9999,,,,,,,
2012-09-20,8.780152000000001,,,,,,,
2012-09-24,8.9051,,,,,,,
2012-09-26,8.75,,,,,,,
2012-10-01,6.5,,,,,,,
2012-10-02,7.0,,,,,,,
2012-10-05,7.2,,,,,,,
2012-10-12,8.8,,,,,,,
2012-10-15,9.499959,,,,,,,
2012-10-16,9.091002,,,,,,,
2012-10-17,9.240402,,,,,,,
2012-10-19,9.55,,,,,,,
2012-10-22,8.6,,,,,,,
2012-10-23,8.555072000000001,,,,,,,
2012-10-24,9.154684,,,,,,,
2012-10-31,9.286158,,,,,,,
2012-11-04,7.387092999999999,,,,,,,
2012-11-05,7.335,,,,,,,
2012-11-07,8.9,,,,,,,
2012-11-09,8.7,,,,,,,
2012-11-10,9.19,,,,,,,
2012-11-12,8.662057,,,,,,,
2012-11-14,8.61,,,,,,,
2012-11-16,8.99,,,,,,,
2012-11-19,8.6,,,,,,,
2012-11-21,8.5,,,,,,,
2012-11-22,8.601939,,,,,,,
2012-11-23,9.0,,,,,,,
2012-11-26,8.89,,,,,,,
2012-11-27,8.615572,,,,,,,
2012-11-28,8.65,,,,,,,
2012-11-29,8.503081,,,,,,,
2012-11-30,8.511925999999999,,,,,,,
2012-12-01,6.6,,,,,,,
2012-12-03,7.2,,,,,,,
2012-12-06,7.833607000000001,,,,,,,
2012-12-07,8.9,,,,,,,
2012-12-11,8.692555,,,,,,,
2012-12-12,8.55,,,,,,,
2012-12-13,8.790967,,,,,,,
2012-12-14,8.93356,,,,,,,
2012-12-17,8.99042,,,,,,,
2012-12-18,9.010402000000001,,,,,,,
2012-12-19,8.65,,,,,,,
2012-12-20,8.7,,,,,,,
2012-12-21,8.929988,,,,,,,
2012-12-26,8.637315,,,,,,,
2012-12-27,8.6,,,,,,,
2013-01-02,9.336333,,,,,,,
2013-01-04,9.93628,,,,,,,
2013-01-07,10.377547999999999,,,,,,,
2013-01-10,10.726742999999999,,,,,,,
2013-01-14,8.935512,,,,,,,
2013-01-15,9.20841,,,,,,,
2013-01-16,9.244762,,,,,,,
2013-01-18,8.69,,,,,,,
2013-01-21,8.64,,,,,,,
2013-01-22,9.1,,,,,,,
2013-01-24,9.512534,,,,,,,
2013-01-30,9.444788,,,,,,,
2013-01-31,9.5,,,,,,,
2013-02-04,9.948447,,,,,,,
2013-02-05,9.93465,,,,,,,
2013-02-09,10.441889999999999,,,,,,,
2013-02-10,10.9,,,,,,,
2013-02-13,9.488163,,,,,,,
2013-02-14,9.263569,,,,,,,
2013-02-15,9.465614,,,,,,,
2013-02-19,9.5,,,,,,,
2013-02-20,9.5,,,,,,,
2013-02-21,9.519376,,,,,,,
2013-02-22,9.587879,,,,,,,
2013-02-27,9.458824,,,,,,,
2013-02-28,9.6,,,,,,,
2013-03-01,8.6,,,,,,,
2013-03-04,9.931521,,,,,,,
2013-03-05,10.0,,,,,,,
2013-03-07,9.787663,,,,,,,
2013-03-09,10.728282,,,,,,,
2013-03-12,10.6,,,,,,,
2013-03-14,9.665444,,,,,,,
2013-03-15,9.806484,9.5,,,,,,
2013-03-18,9.175297,,,,,,,
2013-03-19,9.819636000000001,,,,,,,
2013-03-20,9.784904,9.4,,,,,,
2013-03-21,9.4,,,,,,,
2013-03-25,9.919777,,,,,,,
2013-03-26,9.797143,,,,,,,
2013-03-27,10.086922999999999,,,,,,,
2013-03-28,9.82662,,,,,,,
2013-04-01,8.6,,,,,,,
2013-04-02,9.0,,,,,,,
2013-04-03,9.6,,,,,,,
2013-04-04,9.876878999999999,,,,,,,
2013-04-07,10.505258999999999,,,,,,,
2013-04-10,10.780854,,,,,,,
2013-04-11,10.839853,10.803239999999999,,,,,,
2013-04-15,9.895952000000001,9.6,,,,,,
2013-04-16,10.0,,,,,,,
2013-04-17,9.964541,,,,,,,
2013-04-18,10.133393,,,,,,,
2013-04-19,9.90066,,,,,,,
2013-04-22,9.886916000000001,,,,,,,
2013-04-26,9.901153,,,,,,,
2013-04-29,9.932603,,,,,,,
2013-04-30,9.832956,,,,,,,
2013-05-02,9.277586,,,,,,,
2013-05-03,9.53795,,,,,,,
2013-05-04,9.9,,,,,,,
2013-05-06,10.029356,,,,,,,
2013-05-07,10.4,,,,,,,
2013-05-11,10.750835,,,,,,,
2013-05-13,9.860138000000001,,,,,,,
2013-05-14,9.941003,,,,,,,
2013-05-15,10.0,,,,,,,
2013-05-17,9.93465,,,,,,,
2013-05-20,9.8,,,,,,,
2013-05-21,9.8343,,,,,,,
2013-05-22,9.9,,,,,,,
2013-05-24,9.5,,,,,,,
2013-05-27,10.0,,,,,,,
2013-05-28,10.0,,,,,,,
2013-05-31,9.7,,,,,,,
2013-06-02,9.326189999999999,,,,,,,
2013-06-03,9.565562,,,,,,,
2013-06-05,9.706656,,,,,,,
2013-06-06,10.097466,,,,,,,
2013-06-08,10.4,,,,,,,
2013-06-13,10.035969999999999,,,,,,,
2013-06-18,9.924978999999999,,,,,,,
2013-06-19,10.002021000000001,,,,,,,
2013-06-20,9.995435,,,,,,,
2013-06-21,10.216388,,,,,,,
2013-06-24,10.531061,,,,,,,
2013-06-25,10.178203,,,,,,,
2013-06-26,10.6,,,,,,,
2013-06-27,10.607161999999999,,,,,,,
2013-06-28,10.244467,9.0,,,,,,
2013-07-01,9.05,,,,,,,
2013-07-02,9.2,,,,,,,
2013-07-03,9.477528,,,,,,,
2013-07-05,9.85,,,,,,,
2013-07-06,9.997448,,,,,,,
2013-07-08,10.4,,,,,,,
2013-07-15,10.0,,,,,,,
2013-07-17,10.0,,,,,,,
2013-07-18,10.2,,,,,,,
2013-07-22,10.394363,,,,,,,
2013-07-23,10.2,,,,,,,
2013-07-24,10.2,,,,,,,
2013-07-25,10.0,,,,,,,
2013-08-01,8.6,,,,,,,
2013-08-02,9.378993,,,,,,,
2013-08-03,9.539195,,,,,,,
2013-08-04,9.752258,,,,,,,
2013-08-05,9.900352999999999,,,,,,,
2013-08-07,10.626493,,,,,,,
2013-08-08,10.0,,,,,,,
2013-08-11,11.015367,,,,,,,
2013-08-13,10.787078,,,,,,,
2013-08-14,10.502381,,,,,,,
2013-08-16,10.2,,,,,,,
2013-08-19,10.0,,,,,,,
2013-08-20,10.5,,,,,,,
2013-08-23,10.344769,,,,,,,
2013-08-26,10.0,,,,,,,
2013-08-27,9.897350999999999,9.9,,,,,,
2013-08-28,10.0,9.9,,,,,,
2013-08-29,10.482042999999999,,,,,,,
2013-08-30,10.700486999999999,,,,,,,
2013-09-01,8.65,,,,,,,
2013-09-04,9.934171000000001,,,,,,,
2013-09-05,9.934802000000001,,,,,,,
2013-09-07,10.33605,,,,,,,
2013-09-08,10.446824000000001,,,,,,,
2013-09-10,10.039278999999999,,,,,,,
2013-09-13,10.0,,,,,,,
2013-09-16,10.0,,,,,,,
2013-09-17,10.0,,,,,,,
2013-09-18,10.0,,,,,,,
2013-09-20,10.15,,,,,,,
2013-09-23,10.5,,,,,,,
2013-09-24,10.565217,,,,,,,
2013-09-25,10.415263000000001,,,,,,,
2013-09-26,10.61,,,,,,,
2013-09-27,10.725,,,,,,,
2013-09-30,10.617045,,,,,,,
2013-10-01,8.759615,,,,,,,
2013-10-04,9.932356,,,,,,,
2013-10-05,9.75,,,,,,,
2013-10-06,9.924239,,,,,,,
2013-10-07,10.0,,,,,,,
2013-10-10,10.625793,,,,,,,
2013-10-16,10.4,,,,,,,
2013-10-18,10.201234,,,,,,,
2013-10-21,10.060161,,,,,,,
2013-10-22,10.717617,,,,,,,
2013-10-23,10.8,,,,,,,
2013-10-25,10.6,,,,,,,
2013-10-28,10.8,,,,,,,
2013-10-30,10.741717,,,,,,,
2013-10-31,10.0,,,,,,,
2013-11-01,9.0,,,,,,,
2013-11-03,9.68378,,,,,,,
2013-11-04,12.34,,,,,,,
2013-11-06,9.974625999999999,,,,,,,
2013-11-07,10.0,,,,,,,
2013-11-10,10.0,,,,,,,
2013-11-11,11.0033,,,,,,,
2013-11-12,10.0,,,,,,,
2013-11-13,10.812592,,,,,,,
2013-11-14,10.248485,,,,,,,
2013-11-18,10.870617999999999,,,,,,,
2013-11-19,10.6,,,,,,,
2013-11-21,10.5,,,,,,,
2013-11-25,10.713464,,,,,,,
2013-11-26,10.75323,,,,,,,
2013-11-27,10.61,,,,,,,
2013-11-28,10.6932,,,,,,,
2013-11-29,10.65,,,,,,,
2013-12-04,9.85,9.6,,,,,,
2013-12-06,9.93465,,,,,,,
2013-12-08,10.751342999999999,,,,,,,
2013-12-09,10.3,,,,,,,
2013-12-11,10.6,,,,,,,
2013-12-12,10.8378,,,,,,,
2013-12-13,10.647135,,,,,,,
2013-12-17,11.206800999999999,,,,,,,
2013-12-18,10.6,,,,,,,
2013-12-30,10.8378,,,,,,,
2014-01-04,11.313953,,1049.08916,,1096.620825,,1075.196171,1049.509464
2014-01-07,,,1115.066476,,,,1139.5679619999999,
2014-01-08,,,1141.58544,,,,1162.927409,1210.9557029999999
2014-01-09,,,1155.3180009999999,,,,1098.49062,1214.5104019999999
2014-01-10,,,1118.6912539999998,,,,,
2014-01-12,,,1158.860218,,1220.8715029999998,,1172.5801279999998,1206.532393
2014-01-13,10.8378,,,,,,,
2014-01-14,10.6,,,,,,,
2014-01-15,10.6,,,,,,,
2014-01-17,10.747405,,,,,,,
2014-01-21,10.814049,,,,,,,
2014-01-22,10.8378,,,,,,,
2014-01-23,10.5,,,,,,,
2014-01-24,11.2,,,,,,,
2014-01-28,10.527471,,,,,,,
2014-01-29,11.2,,,,,,,
2014-01-30,10.830293,,,,,,,
2014-01-31,9.441431,,,,,,,
2014-02-04,10.8,,1046.0837199999999,,1094.0182109999998,,1118.261023,1065.6748949999999
2014-02-05,,,,,1120.5994449999998,,1140.000533,1127.491053
2014-02-06,11.96,,,,,,1182.1910300000002,1196.628667
2014-02-07,12.512557000000001,,1120.989175,,,,1178.657558,
2014-02-09,,,1142.84275,,,,,1207.0777269999999
2014-02-10,,,1154.430855,,,,1152.629822,
2014-02-12,,,1166.175724,,1199.898902,,1175.541115,1216.67871
2014-02-13,,,1009.901188,,1000.0,,1000.0,
2014-02-14,10.8673,,1025.167675,,1019.146808,,1014.2736480000001,1000.0
2014-02-17,,,1017.419009,,1028.790037,,,1018.361124
2014-02-18,,,1033.202994,,1044.229865,,1016.7581220000001,1017.211419
2014-02-19,10.924750999999999,,1055.510923,,1047.408348,,1037.7106199999998,1032.763816
2014-02-20,10.4,,1042.909988,,1009.12048,,1022.705262,1059.007284
2014-02-21,,,1058.887983,,1055.307947,,1042.660922,1046.710288
2014-02-24,,,1040.608471,,1066.69533,,,1057.72565
2014-02-25,10.4,,,,1083.0808220000001,,1047.387849,1047.360292
2014-02-26,10.83,,1029.202227,,1068.003778,,1034.499293,1084.187739
2014-02-27,10.85,,1039.993838,,1073.875818,,1051.395734,
2014-02-28,11.200080999999999,,1044.660676,,,,1047.627617,
2014-03-04,,,1060.5445320000001,,1066.708076,,1081.050183,1058.314217
2014-03-06,12.5,,1104.159093,,,,1158.496893,1201.515545
2014-03-07,12.249547,,1121.048218,,1167.09899,,1143.12285,1131.916102
2014-03-09,,,1187.4578689999998,,,,1202.460137,1217.182777
2014-03-10,,,1162.9094599999999,,,,,
2014-03-11,,,1143.091774,,,,1105.32498,
2014-03-12,,,1162.1687789999999,,1195.485508,,1250.11765,1228.329027
2014-03-13,,,,,1054.443046,,1065.7557140000001,
2014-03-14,,,1057.748842,,1060.361366,,1069.828428,1081.154988
2014-03-17,10.4,,1053.837143,,,,1059.8020789999998,1067.742056
2014-03-18,,,1042.8211800000001,,1066.9013710000002,,1070.798586,
2014-03-19,11.1,,1029.20448,,1068.1448970000001,,1051.7151880000001,1062.427041
2014-03-20,10.0,,1049.687004,,1055.37841,,1061.262264,1071.812114
2014-03-21,10.5,,1060.17839,,1063.697155,,1071.53456,
2014-03-24,,,1050.658872,,1066.229197,,1074.838031,
2014-03-25,,,1064.473124,,1079.80957,,1077.04551,1039.4272859999999
2014-03-26,11.080658,,,,1076.4041849999999,,,1087.609605
2014-03-27,11.33955,,,,1093.278015,,1057.204109,1084.2150390000002
2014-03-28,11.217467,,1077.284606,,1088.9823039999999,,1064.195839,1093.88061
2014-03-31,11.215156,,1051.075717,,1094.9905130000002,,1097.855825,1087.191652
2014-04-02,10.887975,,,,,,,
2014-04-04,11.252583999999999,,1082.489459,,1088.850076,,1069.535879,1065.296185
2014-04-06,11.837776,,1091.099487,,,,,1168.763481
2014-04-07,,,1124.113077,,1132.577343,,1145.180164,1141.191523
2014-04-08,,,1139.771293,,,,1148.789986,1149.156162
2014-04-09,,,1152.7097609999998,,,,1198.4555380000002,1237.323715
2014-04-11,,,1139.859203,,,,1119.678071,1165.2622210000002
2014-04-12,,,1158.568772,,,,1176.628475,
2014-04-14,,,1075.920941,,1114.2858609999998,,1078.4574710000002,1100.818169
2014-04-15,,,1087.20648,,1102.136297,,1083.360956,1091.1349
2014-04-16,11.02,,1087.309416,,1106.6845460000002,,,1098.753792
2014-04-17,,,1078.4708560000001,,1103.391965,,,1107.25116
2014-04-22,,,1088.096997,,1106.571709,,1089.418868,1109.117399
2014-04-23,11.6,,1089.820883,,1101.6637640000001,,1118.32062,1096.599242
2014-04-24,11.7,,1076.5286859999999,,,,1132.783902,1116.622641
2014-04-25,11.7,,1092.7174619999998,,1083.69829,,1129.2000449999998,
2014-04-28,11.95,,1083.934131,,1112.9658140000001,,,1093.565326
2014-04-29,,,1095.729311,,,,1101.067601,1089.55252
2014-04-30,11.7,,,,,,1103.473732,1101.879801
2014-05-02,10.875,,,,,,,
2014-05-05,,,1082.755372,,1116.875129,,,1105.729351
2014-05-06,,,1104.991617,,,,,1118.0703640000002
2014-05-08,12.622682000000001,,1145.993322,,1136.902858,,,1191.753021
2014-05-09,,,1151.569161,,1176.082664,,,
2014-05-11,11.6,,1157.475873,,,,,1185.871203
2014-05-12,,,1163.545494,,1194.646712,,,1239.0322939999999
2014-05-13,,,1106.787883,,1132.55456,,1138.870288,1145.2345990000001
2014-05-14,11.4,,1105.42922,,1132.208406,,,
2014-05-15,,,1112.255494,,1129.570126,,1120.595768,1110.673926
2014-05-16,,,,,1140.304531,,1163.650535,
2014-05-19,,,,,1142.2386060000001,,1150.251068,
2014-05-20,,,1083.933079,,1135.7886429999999,,1155.834341,
2014-05-21,12.5,,1090.797611,,1109.512237,,1156.3176529999998,
2014-05-22,,,1097.8206050000001,,1120.581631,,1151.280714,
2014-05-23,10.7,,1113.507285,,,,1170.485867,
2014-05-26,11.5,,1097.657591,,,,1123.519218,1155.075681
2014-05-27,11.57953,,1102.758059,,1135.4831390000002,,1125.958469,
2014-05-28,,,1109.0488699999999,,,,1148.039875,
2014-05-29,,,1098.684964,,,,,1148.649285
2014-05-30,,,1109.039291,,,,1168.481528,1134.348833
2014-06-02,10.5,,,,,,,
2014-06-03,,,1056.622343,,1078.970329,,1059.222205,
2014-06-05,12.8,,1075.2641640000002,,1087.853895,,1114.48986,1137.381112
2014-06-06,,,1123.4534130000002,,1159.196926,,,
2014-06-08,,,1150.2747949999998,,1133.655961,,,
2014-06-10,,,1181.7983960000001,,,,1187.039434,
2014-06-11,,,1159.435033,,,,,1188.5278720000001
2014-06-13,,,1114.424019,,1133.856475,,1147.179511,1143.8104970000002
2014-06-16,12.35,,1128.9358109999998,,,,,1192.8289519999998
2014-06-17,11.863327,,1110.7782949999998,,,,1131.175192,1173.046492
2014-06-18,11.5,,1095.857224,,1143.3421460000002,,1127.4412710000001,1168.715512
2014-06-20,11.767857000000001,,1121.929364,,1131.4205869999998,,1144.5011769999999,1203.792818
2014-06-23,,,1127.2429550000002,,,,1132.5830310000001,1169.725953
2014-06-24,12.3,,1123.772831,,,,1141.467894,1155.253209
2014-06-25,12.5,,1118.993784,,,,,
2014-06-26,11.5,,1117.845892,,,,1185.762806,1138.364611
2014-06-27,12.2572,,1128.673733,,1133.917477,,1164.271758,1148.056783
2014-06-30,12.633965,,1117.939548,,1129.569681,,1080.237505,1139.306132
2014-07-01,10.667767999999999,,,,,,,
2014-07-02,10.35,,,,,,,
2014-07-03,,,1049.588335,,1044.711359,,1053.743625,1100.135569
2014-07-04,,,1081.203207,,,,1074.245874,1063.261776
2014-07-05,,,1105.6819039999998,,,,,1139.6196730000001
2014-07-07,,,1114.187772,,1146.791978,,1184.549035,1167.875455
2014-07-08,12.355367,,1138.585028,,,,,
2014-07-10,,,1148.895004,,,,1183.29448,
2014-07-11,11.54025,,1148.619874,,,,,
2014-07-14,12.662784,,1119.878547,,1145.745326,,1170.500326,1191.361753
2014-07-15,12.230644999999999,,1128.850555,,,,1163.4439009999999,1165.7401300000001
2014-07-16,12.54375,,1116.189939,,1150.353876,,1144.825751,1169.8399259999999
2014-07-17,12.5,,1127.096238,,1154.403464,,1151.842834,1171.59631
2014-07-18,12.54375,,1131.989862,,1179.692801,,1096.077407,1192.965209
2014-07-21,,,1146.4700810000002,,1192.514008,,,1207.980117
2014-07-22,12.4,,1151.562362,,,,,1218.247038
2014-07-23,12.5,,1137.8133269999998,,,,1204.387978,1206.7866
2014-07-24,12.5,,1132.613613,,1169.94006,,1176.85117,1195.399226
2014-07-25,,,,,,,1187.746521,1208.922711
2014-07-28,,,1134.78975,,,,1200.417522,
2014-07-29,12.705,,1129.007985,,1186.75504,,1203.858874,
2014-07-30,12.5,,1133.390516,,1176.79826,,1201.705033,1152.791645
2014-07-31,12.192161,,1142.0037439999999,,1125.387151,,,1148.522291
2014-08-01,10.6,,,,,,,
2014-08-04,,,1067.057515,,1108.194238,,,1073.2797460000002
2014-08-05,11.7,,1103.708361,,1099.649044,,1109.542943,1138.464535
2014-08-07,,,1147.239902,,,,,1189.435535
2014-08-08,12.652878999999999,,1133.152386,,,,1153.23756,
2014-08-09,,,,,1137.267599,,1148.744672,
2014-08-10,12.277814,,1181.438272,,1165.824258,,,
2014-08-12,,,1168.964214,,1188.559826,,1194.08135,1190.914524
2014-08-13,12.889783,,,,1179.701913,,,
2014-08-14,,,1143.96365,,1174.001316,,1158.464363,
2014-08-15,,,1132.162623,,,,,
2014-08-18,12.01,,1146.606956,,,,,
2014-08-19,,,1151.9279880000001,,1189.4909599999999,,1097.835302,
2014-08-20,,,1138.881058,,,,1176.870647,
2014-08-21,,,,,1158.174434,,1168.73388,
2014-08-22,,,1151.0688460000001,,1169.754214,,,1218.992798
2014-08-25,12.533333,,1143.383493,,1206.424986,,1104.4095849999999,
2014-08-26,,,1144.2107839999999,,1156.17375,,,
2014-08-27,,,1150.175099,,,,1183.127496,1195.911359
2014-08-28,,,1174.1319,,1190.574907,,,
2014-08-29,12.366909,,1154.473219,,1181.790612,,1069.825,1069.63
2014-09-04,,,1073.2634480000002,,1101.6462980000001,,1084.186106,1066.879071
2014-09-05,,,1107.0,,1132.553206,,,1168.92903
2014-09-06,11.885422,,1118.1399800000002,,1149.98534,,1136.73683,
2014-09-09,,,1161.271952,,,,,
2014-09-10,,,1162.77205,,,,,
2014-09-12,,,1165.5384210000002,,1213.527187,,1190.5829210000002,1218.337016
2014-09-15,,,1127.2241099999999,,1138.993569,,1154.343478,1213.000834
2014-09-16,12.1125,,1130.5561380000001,,1178.022615,,,
2014-09-17,,,1138.438646,,1157.550626,,1172.001068,
2014-09-18,,,1130.856048,,,,1164.0686449999998,
2014-09-19,,,1163.531378,,,,,1170.0973960000001
2014-09-22,,,1150.680466,,,,1165.163586,1175.337622
2014-09-23,,,1136.120771,,,,1153.218824,1183.744598
2014-09-24,13.0,,1163.456769,,,,,
2014-09-25,,,1155.893013,,1204.3300060000001,,1166.665381,
2014-09-26,,,1144.048671,,,,,
2014-09-29,,,1134.492324,,1201.556034,,1151.120183,1209.4425099999999
2014-09-30,,,,,1127.1367970000001,,,
2014-10-03,10.959157000000001,,1058.134626,,1077.5309539999998,,1062.148866,1084.041226
2014-10-04,,,1073.85207,,1116.945918,,,1096.818192
2014-10-06,,,1104.273115,,1130.689091,,,1133.114257
2014-10-07,10.5,,1127.341922,,,,1147.235013,1173.593561
2014-10-09,,,1144.902318,,,,1165.6899130000002,1176.2551460000002
2014-10-10,12.6,,1139.865238,,,,,1192.76031
2014-10-11,,,1144.964687,,1181.383935,,1205.145166,
2014-10-12,,,1168.485201,,,,1160.161676,1172.003452
2014-10-13,12.6,,1161.966201,,,,1194.8902130000001,1202.714614
2014-10-14,,,1157.734105,,,,1191.177948,
2014-10-15,,,1143.439388,,,,1183.260111,1189.795794
2014-10-16,12.0,,,,,,,
2014-10-20,,,1150.274216,,1162.96471,,1184.800427,1191.3580550000001
2014-10-21,,,1145.899564,,1195.3219199999999,,,
2014-10-22,,,1140.295136,,,,1169.054967,1173.949642
2014-10-23,,,1152.347125,,,,1187.350968,
2014-10-24,,,1173.61434,,,,,
2014-10-27,,,1155.693749,,,,,1188.2896
2014-10-28,,,1142.480316,,,,,
2014-10-29,,,1149.823035,,1168.558839,,1179.864179,1181.042804
2014-10-30,11.8,,1140.299368,,1207.12816,,1167.9405470000002,
2014-10-31,11.805,,1150.029733,,,,1162.886363,
2014-11-02,10.85,,,,,,,
2014-11-03,10.4,,1066.1940339999999,,1042.011047,,1068.639555,1045.1297359999999
2014-11-04,,,1081.077977,,,,1077.735998,1092.9302289999998
2014-11-06,,,1111.297016,,1143.524078,,1190.0601,
2014-11-07,,,1125.146395,,,,1186.605921,1177.045847
2014-11-08,12.806667,,1138.926483,,,,,
2014-11-09,,,1145.2721980000001,,,,,
2014-11-11,,,1144.9057,,,,1172.015258,1210.0376310000001
2014-11-12,,,1159.482278,,1164.541735,,1175.2213060000001,1179.124478
2014-11-13,,,1148.257841,,,,,1201.648686
2014-11-14,,,1146.926907,,,,,1197.493336
2014-11-17,,,1148.999641,,1143.643063,,,1197.493336
2014-11-18,,,1153.241284,,1147.576949,,1175.110994,1188.9956550000002
2014-11-19,,,1140.545043,,1157.076362,,,1160.16453
2014-11-21,,,1157.174487,,1206.3478300000002,,1215.016318,
2014-11-24,,,1174.036876,,,,,1248.329755
2014-11-25,,,1156.649811,,,,1213.1192369999999,1253.219204
2014-11-26,,,1172.483246,,1193.593451,,,1259.2908289999998
2014-11-27,,,1171.167678,,1202.165544,,,1211.496957
2014-11-28,,,1156.404324,,1184.0507630000002,,1248.41142,1210.1576810000001
2014-12-02,,,1000.0,,,,,
2014-12-03,10.920223,,1060.939598,,1066.3108630000002,,1064.176876,1050.484916
2014-12-05,12.0,,1106.2344150000001,,1129.765177,,,1095.3127650000001
2014-12-08,12.74445,,1141.794546,,,,,1159.13355
2014-12-09,,,1147.348273,,1165.5887910000001,,,
2014-12-11,,,1151.8751359999999,,1178.779928,,,1184.607591
2014-12-12,,,1167.902134,,,,1171.734552,1188.778581
2014-12-15,,,1158.370057,,1157.534218,,,
2014-12-16,,,1148.855272,,1158.9297,,1145.179154,1150.302117
2014-12-17,,,1149.3892759999999,,1182.729177,,1163.838271,1173.9522880000002
2014-12-18,,,1159.880119,,1172.916918,,,1197.569848
2014-12-19,,,1164.852584,,1189.2217970000002,,,1192.400858
2014-12-22,10.0,,1178.591578,,1185.404145,,1167.787912,
2014-12-23,,,1172.3121230000002,,1187.684343,,,1222.923169
2014-12-26,,,,,1175.150292,,1208.619436,1206.316247
2014-12-29,,,1168.116239,,1194.2371130000001,,1143.632152,
2014-12-30,,,1162.557467,,1200.433996,,1214.028665,
2015-01-04,,,,,,,1215.107682,
2015-01-06,,,1190.774758,,,,1201.572151,
2015-01-07,7.0,,1199.295848,,,,1267.9184480000001,1282.405718
2015-01-09,6.1,,1168.680666,,1154.217315,,,
2015-01-10,,,,,,1002.336611,,
2015-01-12,6.0,,1191.042735,1024.3261029999999,,1005.9708310000001,1227.514903,
2015-01-13,,,1186.866152,,,,1251.806249,1256.55322
2015-01-14,,,1191.991654,,1193.279362,,,
2015-01-15,,,1138.568698,,1172.829706,,1194.7471890000002,
2015-01-16,,,1129.948318,,,,1182.992489,1153.1644
2015-01-19,10.0,,1138.697468,,1150.025253,,1169.785261,1227.7359880000001
2015-01-20,,,1131.7785880000001,,1153.828836,,1170.349411,
2015-01-21,,,1158.451942,,1172.501088,,1231.332461,
2015-01-22,,,1134.6755859999998,,1187.983514,,1186.0809570000001,
2015-01-23,,,1129.614874,,1185.129064,,1175.17318,1157.36938
2015-01-26,,,1141.767842,,,,1195.948155,1062.680861
2015-01-27,,,1152.636653,,1190.906654,,1174.909239,1168.747851
2015-01-28,,,1137.47693,,,,1203.379481,1151.230085
2015-01-29,,,1158.199255,,1175.96816,,1204.288274,
2015-01-30,9.6,,1138.170884,,1193.568882,,,
2015-02-01,,,1155.4226939999999,,,,,
2015-02-02,,,1145.163575,,1176.155779,,1210.111724,1184.110418
2015-02-03,,,1141.6482039999999,,1153.449589,,1194.05,1223.331679
2015-02-04,8.849217999999999,,,,1199.030814,,,1214.4699859999998
2015-02-06,,,1194.422885,,1181.6661470000001,,,1252.953235
2015-02-07,6.7,,1174.797368,,,,1258.230499,1222.615552
2015-02-09,,,1179.844224,,1180.4893359999999,,,
2015-02-10,,,,,,1019.0406029999999,,
2015-02-12,,,,,,1058.627809,1242.016428,
2015-02-13,,,1144.2667529999999,,,,1159.491507,1211.9866470000002
2015-02-18,9.6,,,,,,,1210.013347
2015-02-19,,,1115.750777,,,,,
2015-02-20,9.6,,1137.110878,,1179.632152,,1143.2950210000001,1210.015055
2015-02-23,,,1122.483467,,,,1148.288229,
2015-02-24,9.6,,1131.665047,,1179.043823,,1156.55868,1157.6006929999999
2015-02-25,9.551515,,1125.558008,,1140.272543,,1145.363693,1149.658189
2015-02-26,9.4,,1142.341001,,,,1155.324642,
2015-02-27,9.6,,1123.525854,,1149.04159,,1184.650284,1165.145389
2015-03-02,,,1143.982216,,1187.981532,,,
2015-03-03,9.6,,1143.819297,,1197.156159,,,1225.575717
2015-03-06,,,1164.372098,,1228.64652,,1273.052762,
2015-03-07,,,1180.303606,,1230.9998150000001,,1258.950441,
2015-03-08,,,1200.512094,,,,1262.911442,1218.794623
2015-03-09,,,,,1182.370292,,,
2015-03-11,,,,1020.064967,,1012.101866,,1236.05904
2015-03-12,,,1217.409421,1027.310399,,1042.800974,1250.1260220000001,1213.350214
2015-03-13,,,1133.059997,,1166.4589310000001,,1146.895381,1173.938808
2015-03-16,,,1149.189183,,1140.3424109999999,,1147.581287,1152.627966
2015-03-17,,,1141.498605,,1204.7229810000001,,1202.0059390000001,
2015-03-18,,,1132.460853,,1205.748584,,1186.8198830000001,1228.508635
2015-03-19,,,1146.862108,,1185.987977,,1215.569827,1247.637818
2015-03-20,,,1162.263756,,1178.135418,,1183.442657,1190.098333
2015-03-23,,,1135.555829,,1174.179399,,1179.16225,1177.1318119999999
2015-03-24,,,1151.455481,,,,1186.131453,1223.166953
2015-03-25,9.6,,,,1185.317794,,1168.776011,1202.104408
2015-03-26,,,,,1183.302436,,1201.478727,1204.408675
2015-03-27,,,,,1201.8273179999999,,1224.1791699999999,1192.664699
2015-03-30,,,1133.171795,,1189.580317,,1205.6898800000001,1233.1572429999999
2015-03-31,,,1134.185551,,1172.9968900000001,,1218.7573320000001,
2015-04-02,,,1137.3035519999999,,1188.870601,,,1209.394523
2015-04-03,,,1148.41097,,1153.191933,,1198.7083710000002,
2015-04-05,,,1150.651253,,,,1168.4557869999999,1242.301835
2015-04-08,,,1198.553664,,1191.947214,,,1268.246267
2015-04-11,,,,1018.77031,,1030.06023,,
2015-04-12,,,,1035.3497380000001,,1012.235501,,1265.054071
2015-04-13,,,1178.467117,,,,,
2015-04-14,,,1137.986372,,,,,
2015-04-15,,,1166.500806,,1167.781543,,,
2015-04-16,,,1177.259573,,,,,
2015-04-17,,,1170.3843160000001,,,,1186.532157,1195.2872009999999
2015-04-20,,,1168.586882,,,,,
2015-04-22,7.7,,1178.509565,,,,,
2015-04-23,,,1140.0,,,,1160.196484,1161.470959
2015-04-24,,,1162.759958,,,,,1180.021651
2015-04-27,,,1170.147832,,,,1208.720261,
2015-04-28,,,1159.252827,,,,,
2015-04-29,,,1152.549243,,1146.935319,,,
2015-04-30,7.744248,,1155.745057,,1194.8849089999999,,,1238.383326
2015-05-01,,,,,1213.190494,,,
2015-05-02,,,1139.505469,,1186.098551,,1151.5985289999999,1193.273539
2015-05-03,,,1139.875156,,,,,1213.016553
2015-05-05,7.619989,,1153.494864,,,,,
2015-05-06,8.0,,1168.819552,,,,1187.048695,
2015-05-08,6.0,,1184.969811,,1192.707791,,,
2015-05-10,,,,1048.345441,,1019.5384349999999,,
2015-05-11,,,1193.852457,1021.3380070000001,,1023.967941,,
2015-05-13,,,1168.499709,,1149.586936,,,1174.851799
2015-05-14,7.6,,,,,,1207.101122,1208.138759
2015-05-15,,,1178.6919189999999,,,,,
2015-05-18,,,1187.2230439999998,,,,,
2015-05-19,,,1183.913652,,,,,
2015-05-20,,,1183.934498,,,,,
2015-05-21,,,1172.859642,,,,,1218.659776
2015-05-22,,,1184.189859,,,,,
2015-05-25,,,1172.426216,,,,,
2015-05-26,,,1179.005467,,,,1248.42913,1207.615343
2015-05-27,7.6666669999999995,,1184.704414,,,,1217.5872570000001,1220.392474
2015-05-28,,,1189.040258,,,,1251.2538539999998,1241.515643
2015-05-29,7.45,,1188.4012599999999,,,,1200.963481,
2015-06-01,,,1174.53982,,1200.944502,,1225.260841,1203.808285
2015-06-02,,,1158.099747,,1140.621395,,1202.316233,1195.819006
2015-06-03,,,1170.094235,,,,1203.54407,1148.4473039999998
2015-06-04,,,,,1168.454893,,1214.261273,1207.985691
2015-06-05,,,1159.319121,,,,,1180.519644
2015-06-07,,,,,,,,1289.497502
2015-06-08,,,1197.5353289999998,,,,,
2015-06-10,,,1186.209117,1039.271649,1176.313201,1009.201686,,
2015-06-11,,,,1047.175383,,1020.541028,,
2015-06-18,,,1189.404904,,,,,1232.280541
2015-06-23,7.1,,,,1208.331526,,,
2015-06-24,7.0,,1181.97705,,1231.7393240000001,,,
2015-06-25,,,1180.979525,,1199.408015,,1250.022857,1237.4711849999999
2015-06-26,,,1192.9979449999998,,,,1219.8099,1233.5528470000002
2015-06-29,6.8,,1167.424076,,1165.46,,1278.771043,1294.723609
2015-06-30,,,,,1189.542516,,1265.700531,1283.57583
2015-07-01,10.0,,1171.509221,,,,1238.887508,
2015-07-04,,,1126.071094,,,,1239.787381,
2015-07-05,,,1164.0455550000001,,,,,
2015-07-07,,,1181.696267,,,,,1279.026092
2015-07-08,5.6,,1173.892771,,,,,
2015-07-10,,,1184.812749,,1183.475385,1044.383318,1139.8968810000001,1140.441782
2015-07-12,,,1214.334565,1050.253501,1202.518666,1018.158718,,
2015-07-13,,,1184.381183,,,,1215.2282460000001,1286.192405
2015-07-14,6.7,,1213.9464679999999,,,,1224.1759359999999,
2015-07-15,,,,,,,1247.376522,1238.244439
2015-07-16,6.1,,,,,,1225.447518,1262.4518890000002
2015-07-17,,,1197.478947,,1205.0812429999999,,1277.195608,1239.366747
2015-07-20,,,,,1253.756356,,1226.55824,
2015-07-21,,,1209.7868019999999,,1215.405233,,,1249.785172
2015-07-22,,,1200.185285,,,,1290.043216,
2015-07-23,7.0,,1184.459106,,1242.3617140000001,,,1310.363907
2015-07-24,,,1203.8344880000002,,,,,
2015-07-27,6.49,,1200.72526,,1178.646042,,,1262.08818
2015-07-28,,,1169.8437470000001,,1179.2407,,,
2015-07-29,6.39,,,,,,,1324.949907
2015-07-30,5.88,,,,1242.227862,,1215.101493,
2015-07-31,,,1192.726301,,1242.014303,,,1278.3780800000002
2015-08-01,,,1191.8756369999999,,,,1237.313183,
2015-08-04,,,1159.781555,,1163.625446,,,1171.505492
2015-08-05,,,1161.8862,,,,,
2015-08-07,,,1212.667185,,,,,
2015-08-09,6.16812,,1161.555881,,,,,
2015-08-10,,,1178.744837,,,1029.4942720000001,1217.532053,1226.476619
2015-08-12,,,1206.0510259999999,1031.396687,1247.987175,,,
2015-08-13,,,1171.440814,,,,,
2015-08-14,,,1165.451622,,,,1163.1231699999998,1204.025412
2015-08-17,,,1179.60679,,,,1156.188088,
2015-08-18,,,1152.9656220000002,,1152.995525,,1160.431699,1164.9799
2015-08-19,,,1168.018246,,,,,
2015-08-20,5.9,,1161.2262640000001,,1218.4928380000001,,1176.380918,1170.123832
2015-08-21,6.45,,,,,,1239.1484699999999,
2015-08-24,,,1167.699308,,,,1183.607007,
2015-08-25,6.0,,,,,,1227.585552,1239.46063
2015-08-26,6.5,,1153.846872,,,,,
2015-08-28,,,1168.273133,,,,,1151.954101
2015-08-31,,,1175.548799,,,,,1233.060522
2015-09-01,,,1159.3457560000002,,,,1235.756179,
2015-09-02,,,,,1184.230274,,,1197.717649
2015-09-03,,,1127.897191,,1177.865555,,1189.952718,1145.044182
2015-09-04,,,1177.033838,,,,1241.045098,1207.790834
2015-09-06,,,1190.376433,,1180.668542,,,
2015-09-09,,,1188.231229,,,,1148.403619,
2015-09-10,,,,1010.911924,,1032.538984,,
2015-09-11,,,1213.602358,,,1038.31368,,
2015-09-12,,,1208.638158,1026.203302,1213.132793,1030.9528990000001,,
2015-09-14,,,1165.287306,997.757992,,1000.066323,,1152.234968
2015-09-15,,,,1007.678431,,986.805064,,
2015-09-16,,,,1001.325657,,1000.0339949999999,,
2015-09-17,,,,1017.4854330000001,,1030.7094789999999,1154.875633,
2015-09-18,,,1194.8555,1006.842193,,1013.422715,,
2015-09-21,,,1182.9470900000001,1019.8602289999999,1126.719693,1011.33691,,1126.937231
2015-09-22,,,1193.983874,1006.393448,,962.0910349999999,,
2015-09-23,,,1184.604464,1014.630984,,970.602708,,1128.280392
2015-09-24,,,1139.560298,1010.044407,,955.651417,1118.24529,
2015-09-25,,,1209.15765,989.58878,,996.6086960000001,,1173.872315
2015-09-28,,6.16812,,,,,1151.762647,
2015-09-29,,,1203.873359,,1136.4501890000001,987.173541,1137.8393199999998,1225.393036
2015-09-30,,,,,,1021.388107,,
2015-10-02,,,1122.630398,,1181.486686,,,1152.75669
2015-10-03,,,,,,,1160.424064,1141.661369
2015-10-04,7.5,,1149.557772,,,,1238.435641,1181.771796
2015-10-06,,,1168.054281,,,,,
2015-10-07,,,1181.284776,,,,1214.512747,1226.8724949999998
2015-10-08,6.1,,,,,,,
2015-10-11,,,1209.234995,1019.571766,,1044.787568,,
2015-10-12,,,1227.740999,,1239.864145,,,
2015-10-13,,,1177.690067,,,,1158.058035,
2015-10-14,,,,1022.002575,1154.869201,,,
2015-10-15,6.25,,1182.02407,1020.746094,1175.196575,1026.8190650000001,1224.6705,
2015-10-16,6.2,,1188.551082,1033.900475,1211.5826949999998,1022.368484,1226.183191,1185.232772
2015-10-19,,,1180.342641,,,1008.2482460000001,,1162.980375
2015-10-20,,,,,,1014.334498,,
2015-10-21,6.0,,1187.3391490000001,1044.884822,,1013.601163,,
2015-10-22,6.05,,,1007.601416,,1015.0916560000001,,
2015-10-23,6.5,,1208.264018,1012.2359769999999,,1016.6972189999999,,
2015-10-26,,,1214.1881939999998,1015.84,,1016.266592,,
2015-10-27,,,1186.480489,1040.225801,,1015.883262,,1183.910659
2015-10-28,,,1196.482685,,,1014.991649,,1251.65775
2015-10-29,,,,1029.400826,,1017.6109039999999,,1245.357562
2015-10-30,,,1199.795922,1024.0719960000001,,1025.3522039999998,1310.339178,1186.180523
2015-11-02,9.595,,1125.6074859999999,,1148.068571,,,1207.23926
2015-11-05,7.68,,1165.487153,,,,,
2015-11-06,,,1191.5347960000001,,,,1199.56,1211.77
2015-11-08,,,1152.828641,,,,,
2015-11-09,,,,1000.106807,,,,1108.40146
2015-11-11,,,,1052.8841929999999,,1043.398457,1195.525099,
2015-11-12,,,,,1221.380946,1011.6460300000001,1204.4080199999999,1194.867178
2015-11-13,,,1209.909037,1033.621231,,1028.292916,1228.317085,1274.966105
2015-11-16,,,1212.927093,,,1045.546204,1229.514502,1215.1948009999999
2015-11-17,,,,1034.8516439999999,1202.622126,1043.475972,1256.637347,
2015-11-18,,,,1055.963907,,1041.642484,,1275.668093
2015-11-19,,,1220.956409,,,1043.306217,,1230.083941
2015-11-23,,,1223.750632,1051.5819199999999,,1047.629583,,
2015-11-24,5.0,,1230.685724,1048.654212,,1044.829778,1221.845194,
2015-11-25,,,1217.923795,1050.3960960000002,,1065.879484,,
2015-11-26,,,,,1201.1177630000002,1015.887913,1209.7577410000001,
2015-11-27,,,,1016.625775,,1043.052062,1147.077503,
2015-11-30,,,,,1217.84107,1042.921567,1202.6263800000002,1178.022243
2015-12-01,,,1186.603059,,,,1227.519534,
2015-12-02,,,1130.659971,,1163.574508,,1150.145784,1134.188727
2015-12-03,,,1141.190855,,1174.7923210000001,,1180.224102,1205.073366
2015-12-05,,,1171.1967949999998,,,,,1201.232526
2015-12-06,,,,,1180.86925,,1250.774303,
2015-12-11,,,,1053.523725,,1019.5949820000001,,1209.391667
2015-12-14,,,1211.468434,,1226.305367,,,1217.6275150000001
2015-12-15,,,1205.96214,1037.985948,,1018.7427759999999,,1260.977523
2015-12-16,,,,1038.380764,1222.351858,1041.56849,,
2015-12-17,,,1199.428067,1023.868856,1222.0811119999998,1007.920201,,
2015-12-18,4.2,,,1042.024582,1198.832114,1034.315343,1204.339482,
2015-12-21,4.1,,1212.632675,,,1031.986054,1201.681906,1204.3996849999999
2015-12-22,4.2,,1215.166051,1036.298874,1247.080465,1021.2316599999999,1236.812544,
2015-12-23,4.193939,,,1047.924031,,,,1223.047641
2015-12-28,,,1229.7138730000001,1020.79759,,1041.045681,1236.429022,
2015-12-29,,,,1045.072577,,1033.1487869999999,1213.670593,1217.215269
2015-12-30,3.4379449999999996,,1245.025517,1048.581515,,1058.782864,1218.324998,
2016-01-02,,,1197.09212,1085.851219,,1046.1521289999998,1140.246111,
2016-01-03,,,,1086.67399,1201.220051,1085.656907,,
2016-01-04,,,,1127.232105,,1091.397377,1264.605422,
2016-01-06,5.5,,1252.868749,1165.792187,1273.638565,1157.6967140000002,1285.233501,1299.98461
2016-01-07,,,1279.063864,,1338.1386400000001,1184.6532109999998,,1383.3025
2016-01-13,,,1231.6019820000001,1052.922248,1223.422192,1043.0408029999999,,
2016-01-14,,,,1047.119672,,1038.468337,,
2016-01-15,,,1163.529419,1061.822976,,1035.853752,,
2016-01-19,4.7,,1164.373169,1074.9852449999998,,1047.324852,,
2016-01-20,,,1155.4183150000001,1044.4105470000002,,1020.9004480000001,,
2016-01-21,,,1160.749128,1049.108352,,1039.781759,1151.401347,1148.155683
2016-01-22,,,1180.923143,1065.2916779999998,1136.883798,1059.957209,1131.897737,1132.653327
2016-01-26,,,1182.399897,1063.8158019999998,,1048.362314,,
2016-01-27,,,1197.4392269999998,1095.048826,,1054.500883,,
2016-01-28,,,1188.9665009999999,1069.57297,1156.540314,1066.591115,1143.230825,
2016-01-29,,,1173.256651,,,1069.639195,,
2016-02-02,,,1195.551407,1084.460701,1187.844901,1071.645689,1207.481891,
2016-02-03,,,1198.826358,1079.762462,,1086.202755,,
2016-02-05,,,1262.23616,,1272.003661,1141.983082,,1341.301379
2016-02-06,,,,1162.13664,1283.207073,1159.000769,1284.294725,1296.2204789999998
2016-02-15,,,1194.765322,1085.048176,1170.258386,1053.265242,,1155.794373
2016-02-16,,,1180.827065,1081.357399,,1063.7546710000001,,
2016-02-17,,,1196.0098,1079.524682,1163.362161,1043.445756,,
2016-02-18,,,1193.284712,,,1081.5799359999999,1169.015391,
2016-02-19,4.0,,1194.439337,1093.333016,,1062.367532,,
2016-02-22,,,1190.5081,,1153.986583,1066.8358369999999,,
2016-02-23,4.0,,1200.168959,1106.089154,,1071.35318,,
2016-02-24,,,,1077.818926,1145.250293,1044.977619,,1154.672066
2016-02-25,,,1201.124158,1094.811668,,1050.915533,,1151.449088
2016-02-26,,,,1083.31916,1198.146309,1046.533689,,1158.030272
2016-02-29,,,1193.263403,1098.7897679999999,1199.663883,1091.94706,,
2016-03-02,,,1178.340338,,,1042.435827,1197.9314259999999,1144.801041
2016-03-03,4.0,,1216.882534,1111.499977,,1067.860465,,1238.652516
2016-03-05,4.75,5.4,1264.161321,1152.112132,,1134.8217140000002,1306.624562,1334.1148779999999
2016-03-06,,,,,,1160.85006,,1311.771232
2016-03-14,,,1211.822925,1099.083149,,1123.704131,,
2016-03-15,4.356653,,1225.515746,1093.797495,1223.653769,1086.95045,,
2016-03-16,,,1208.592588,1104.3183789999998,,,,
2016-03-17,,,1222.4273970000002,,,1079.622346,,
2016-03-18,,,1214.723139,1101.3276759999999,,1088.129913,1204.561685,1205.350658
2016-03-21,,,,1128.021506,,1093.735791,1212.891762,
2016-03-22,5.2,,1244.665561,1128.861151,1222.7103439999998,1123.029596,1214.083153,
2016-03-23,,,1251.546044,1133.527323,1207.925337,1094.01943,1185.483673,
2016-03-24,,,1227.221921,1114.016893,,1115.837309,,1203.2965199999999
2016-03-28,,,,1138.846509,,1117.047012,,1276.2647630000001
2016-03-29,5.0,,1243.379645,1124.3109470000002,,1108.2562679999999,,
2016-03-30,4.6,,1219.97291,1139.6797080000001,,1123.3117029999999,1220.09774,1226.574491
2016-03-31,5.0,,1222.8218689999999,1125.175937,,1113.11885,1216.782774,
2016-04-01,,,,1047.397102,,1035.469873,1216.417549,
2016-04-02,3.9,,1181.635324,1063.750706,,1028.110873,,1141.686275
2016-04-03,,,1213.791025,1103.159353,,1093.345084,,
2016-04-04,,,1209.6758140000002,1140.0248609999999,,1120.490241,1198.741383,
2016-04-05,,,,1129.280614,,1143.569201,1269.873257,1334.3029609999999
2016-04-07,5.0,,1279.824711,,,1194.8777539999999,,1333.3902970000001
2016-04-13,4.3,,1227.7929279999998,1109.7168060000001,,1106.803015,1212.322244,1228.884779
2016-04-14,4.85,,,1123.760394,,1111.600769,1222.055871,1257.5083029999998
2016-04-15,4.7493739999999995,,1224.0242230000001,1137.924004,,1123.175267,,1247.572376
2016-04-18,,,1234.207321,1135.6707199999998,,1121.874093,1246.8045220000001,1302.318877
2016-04-19,4.75,,1234.089777,1121.932269,1269.7168869999998,1136.015356,,1310.3736609999999
2016-04-20,5.050448,,1229.777185,1136.199079,,1134.875494,,1286.642633
2016-04-22,4.51,,1246.271332,1146.051812,,1129.367647,,1274.477929
2016-04-25,,,1236.149076,1141.6555039999998,,1120.903291,,1278.067431
2016-04-26,,,1244.396921,1133.682766,,1128.984534,,1292.864781
2016-04-27,,,1243.4395539999998,1133.74667,1236.769437,1132.900154,,1303.88878
2016-04-28,5.5,,1255.455941,1138.22397,,1145.428568,1251.286388,1314.585724
2016-04-29,5.8,,,1137.469771,1270.716001,1154.392232,,1325.122583
2016-05-01,,,1229.9958689999999,1048.1730890000001,1241.208301,1041.526286,,
2016-05-02,,,1183.9769039999999,,,1033.067027,,1167.4392
2016-05-04,,,1215.7064699999999,1114.0641640000001,,1125.1535470000001,1199.316637,1203.0809060000001
2016-05-05,,,,1142.652057,1269.23421,1143.51271,,1338.716585
2016-05-07,,,1280.068827,1177.242653,,1180.3748699999999,1315.874505,
2016-05-13,,,1263.075689,1165.539994,,1172.562168,1336.314959,1313.984967
2016-05-16,,,1273.723807,1161.743367,1319.241017,1176.6487710000001,1304.596297,
2016-05-17,5.283374,,1282.309012,1146.9955380000001,,1179.705991,1321.4858609999999,1334.324074
2016-05-18,,,1262.905211,1158.331509,1313.728797,1171.505393,1327.630686,1311.444551
2016-05-19,5.0,,1266.4027119999998,1146.247627,,1181.981048,,1312.162558
2016-05-20,,,1301.1089550000002,1149.483614,,1176.031104,1346.407129,1379.283733
2016-05-23,,,,1147.6022990000001,,1150.3031369999999,1347.370749,1351.752904
2016-05-24,5.138632,,1292.7257550000002,1153.58117,1279.7423,1158.067593,1305.0170150000001,
2016-05-25,4.953333,,,1159.921926,,1144.596399,1279.618559,1278.777112
2016-05-27,5.5,,1256.487661,1163.7974789999998,,1169.2073599999999,,1297.67536
2016-05-30,5.6,,,1137.110602,,1165.069919,,
2016-05-31,5.14902,,1250.239381,,1257.768098,1174.440405,,
2016-06-01,5.0,,1230.78213,,,1042.3018,,
2016-06-04,,,1220.5816140000002,1098.7138289999998,,1083.645499,1196.10365,
2016-06-05,,,1250.9111300000002,1152.467667,1272.522171,1152.433442,1275.828731,1340.924107
2016-06-06,,,1271.843538,1160.18562,,1164.430801,1306.9840980000001,
2016-06-07,,,1276.570431,,,1179.652471,1363.764066,
2016-06-13,5.0,,1282.513143,1172.606477,,1170.923051,,1358.971026
2016-06-14,5.1,,1281.030222,1163.554711,,1171.436359,1316.08129,1369.421001
2016-06-15,4.993924,,1273.344158,1164.793964,1294.710848,1186.122224,,1349.5513779999999
2016-06-16,,,,1173.2474,,1192.794778,1317.370601,1368.190716
2016-06-17,,,,1156.576587,,1199.256771,1348.143663,1373.5452599999999
2016-06-20,,,1276.962495,1166.140795,,1179.703355,,
2016-06-21,5.0,,1280.328305,1180.4566960000002,,1178.747453,1314.680043,
2016-06-22,5.1,,1281.9519810000002,1161.109012,1298.2744050000001,1166.59661,1303.044531,
2016-06-23,,,1281.4587279999998,,1297.91554,1177.6715609999999,1324.23278,1334.140559
2016-06-24,,,1280.892058,1185.75767,,1181.480963,,
2016-06-27,,,1293.633481,1166.3229210000002,,1190.485679,1329.288794,
2016-06-28,,,1293.835701,1162.459426,,1179.787333,1364.042339,
2016-06-29,,,1299.4595689999999,1188.5761220000002,1283.946287,1178.3961160000001,,1331.820382
2016-06-30,,,1278.561677,1187.0002650000001,1300.304088,1188.1344210000002,1291.036808,1295.545507
2016-07-01,,,1242.8603480000002,1071.798459,,1037.796168,,
2016-07-03,,,1218.440247,1091.9517449999998,1178.119297,1072.057957,,1190.7409910000001
2016-07-04,,,,1124.003463,,1078.930586,,
2016-07-06,5.0,,,1171.394251,,1170.086486,,1368.386488
2016-07-07,,,1281.074567,1136.419672,,1196.440442,1370.8726279999998,1334.962075
2016-07-13,,,,1187.816258,1308.042482,1193.870167,1364.101889,1377.523248
2016-07-14,,,,1170.117429,,1179.097121,,
2016-07-15,,,1290.4100050000002,,1309.0484609999999,1180.427679,1329.7795429999999,
2016-07-18,,,1295.291382,1178.8911349999998,1358.170798,1201.402757,1370.739016,1352.632145
2016-07-19,,,,,1340.898746,1188.124633,1331.927835,1407.555047
2016-07-20,,,,,,1204.570937,1392.7023789999998,
2016-08-01,,,,,1221.06605,1038.101989,1223.277842,
2016-08-03,,,1200.182045,1086.807912,,1070.20494,,1191.611771
2016-08-04,4.749527,,,1122.760297,,1084.347674,,
2016-08-06,,,1268.869678,1179.454927,1297.568272,1165.629957,,
2016-08-07,,,1283.728277,1161.5072710000002,,1198.415271,1379.866639,1335.486423
2016-09-03,,,1208.943262,1100.201586,1200.4744699999999,1090.724373,1214.3871570000001,1200.234171
2016-09-05,5.5,,,1142.1658400000001,1272.53871,1166.628265,,
2016-09-06,,,1272.183702,1180.1308210000002,,1176.0378660000001,,
2016-10-02,,,1186.187395,1065.4914199999998,,1062.7399710000002,,
2016-10-03,,,1213.315947,,,1106.484224,1266.49313,1229.9249
2016-10-05,5.15,,,1164.897605,,1156.794995,1269.8620119999998,
2016-10-06,6.0,,1281.237313,1158.6903220000002,1324.469399,1181.491131,,1370.085519
2016-11-01,,,,,,1071.839934,1174.619359,
2016-11-02,,,1186.660128,1083.537394,1169.2961400000002,1066.865549,1159.506221,1158.374961
2016-11-03,4.0,,1210.387695,1107.769226,,1086.263903,,1210.491194
2016-11-04,,,,1105.000348,,1095.404538,,
2016-11-05,5.15,,1250.664893,1144.062832,1276.236635,1152.19579,,1312.588703
2016-11-07,5.2,,1284.124641,,,1175.859765,1307.020964,1408.324961
2016-12-01,,,1240.951799,1054.421269,,1066.402586,,1233.2123550000001
2016-12-02,,,1173.898692,1091.378013,,1054.2120710000002,,1127.437342
2016-12-04,4.258552,,1213.741452,1119.8248310000001,,1125.230155,1241.7834679999999,1235.948917
2016-12-05,,,1281.4401779999998,1148.656138,,1152.563083,,
2016-12-07,5.103293,,1295.188732,1175.0899630000001,,1188.166797,1330.697824,1379.241496
