Data,VALE18,VALE28,VALE29,VALE38,VALE48
2014-01-04,,,,,
2014-01-07,0.06289009410792112,0.0,,0.05986981049247042,0.0
2014-01-08,0.0881681781937389,0.0,,0.08159556401545265,0.15383018880523402
2014-01-09,0.10125816284289857,0.0,,0.02166530129877131,0.1572171987579143
2014-01-10,0.06634526087372761,0.0,,0.02166530129877131,0.1572171987579143
2014-01-12,0.10463463181718491,0.11330322675570192,,0.09057319922319551,0.14961554362886642
2014-01-13,0.10463463181718491,0.11330322675570192,,0.09057319922319551,0.14961554362886642
2014-01-14,0.10463463181718491,0.11330322675570192,,0.09057319922319551,0.14961554362886642
2014-01-15,0.10463463181718491,0.11330322675570192,,0.09057319922319551,0.14961554362886642
2014-01-17,0.10463463181718491,0.11330322675570192,,0.09057319922319551,0.14961554362886642
2014-01-21,0.10463463181718491,0.11330322675570192,,0.09057319922319551,0.14961554362886642
2014-01-22,0.10463463181718491,0.11330322675570192,,0.09057319922319551,0.14961554362886642
2014-01-23,0.10463463181718491,0.11330322675570192,,0.09057319922319551,0.14961554362886642
2014-01-24,0.10463463181718491,0.11330322675570192,,0.09057319922319551,0.14961554362886642
2014-01-28,0.10463463181718491,0.11330322675570192,,0.09057319922319551,0.14961554362886642
2014-01-29,0.10463463181718491,0.11330322675570192,,0.09057319922319551,0.14961554362886642
2014-01-30,0.10463463181718491,0.11330322675570192,,0.09057319922319551,0.14961554362886642
2014-01-31,0.10463463181718491,0.11330322675570192,,0.09057319922319551,0.14961554362886642
2014-02-04,-0.002864808935782337,-0.002373303461568055,,0.040053018380773464,0.015402844428280549
2014-02-05,-0.002864808935782337,0.021865917054785022,,0.06027212870347931,0.0743028926130771
2014-02-06,-0.002864808935782337,0.021865917054785022,,0.09951194199332791,0.140179015098429
2014-02-07,0.06853565715996868,0.021865917054785022,,0.09622559100426731,0.140179015098429
2014-02-09,0.08936665592846227,0.021865917054785022,,0.09622559100426731,0.1501351520923493
2014-02-10,0.10041252833076597,0.021865917054785022,,0.07201816104681824,0.1501351520923493
2014-02-12,0.11160782940508063,0.09417847504400623,,0.09332710318961901,0.1592832191935336
2014-02-13,-0.03735428168946153,-0.08810777873017317,,-0.06993716405264228,0.1592832191935336
2014-02-14,-0.022802146768917897,-0.07064795345282637,,-0.05666177451444787,-0.04717390904823693
2014-02-17,-0.030188235859763046,-0.06185436793980281,,-0.05666177451444787,-0.029678951041836266
2014-02-18,-0.015142817794438601,-0.0477749088888586,,-0.05435105758017045,-0.030774419962734
2014-02-19,0.006121274763719375,-0.04487647496572034,,-0.03486391787010934,-0.015955690324294114
2014-02-20,-0.005890035123421122,-0.0797908839639262,,-0.04881984368599468,0.009049770703163595
2014-02-21,0.009340314792690929,-0.03767289208646951,,-0.03025982595319321,-0.0026671279259659064
2014-02-24,-0.008083859145013306,-0.02728882610814931,,-0.03025982595319321,0.007828596388912645
2014-02-25,-0.008083859145013306,-0.012347023411670266,,-0.025863486822257142,-0.0020477871555428795
2014-02-26,-0.018956380218436708,-0.026095662555013277,,-0.03785065376688346,0.03304236520920023
2014-02-27,-0.008669732132205232,-0.02074099495602799,,-0.022135901933006408,0.03304236520920023
2014-02-28,-0.004221265616737746,-0.02074099495602799,,-0.025640487516207622,0.03304236520920023
2014-03-04,0.010919350267616812,-0.02727720312989701,,0.005444599002390138,0.008389398382785851
2014-03-06,0.05249309124498036,-0.02727720312989701,,0.07747490573978255,0.14483535996012709
2014-03-07,0.06859193740978098,0.0642684904328712,,0.06317607970722583,0.07851919475401692
2014-03-09,0.1318941366241928,0.0642684904328712,,0.11836348513186823,0.15976350738272127
2014-03-10,0.10849440099066476,0.0642684904328712,,0.11836348513186823,0.15976350738272127
2014-03-11,0.08960402755472163,0.0642684904328712,,0.02802168554225637,0.15976350738272127
2014-03-12,0.1077883780631188,0.09015393538600724,,0.16268796682684616,0.17038394519899214
2014-03-13,0.1077883780631188,-0.03846158858053772,,-0.008780218210058921,0.17038394519899214
2014-03-14,0.008254476673841271,-0.03306471860955207,,-0.004992338277216346,0.030152680929039777
2014-03-17,0.00452581456470269,-0.03306471860955207,,-0.014317472862354519,0.017372489363278065
2014-03-18,-0.0059746876042452435,-0.02710093892298615,,-0.004090030376419529,0.017372489363278065
2014-03-19,-0.01895423264119911,-0.025966977236639432,,-0.02183878963981134,0.01230820439747804
2014-03-20,0.0005698695809608356,-0.03760863742488185,,-0.012959409060246507,0.021250546817365157
2014-03-21,0.01057034084691133,-0.03002283856865462,,-0.003405528310795769,0.021250546817365157
2014-03-24,0.0014962617667308997,-0.02771388916492612,,-0.000333092704066007,0.021250546817365157
2014-03-25,0.01466411491660069,-0.015330052664283667,,0.0017200014749680914,-0.009606562252020279
2014-03-26,0.01466411491660069,-0.01843539675621264,,0.0017200014749680914,0.036302808413740895
2014-03-27,0.01466411491660069,-0.0030482824361830474,,-0.016733748208260568,0.03306837736148327
2014-03-28,0.026876119852387026,-0.006965507881906419,,-0.010230999976282407,0.04227798559422968
2014-03-31,0.0018936016839599112,-0.00148666883104287,,0.021074902060826073,0.0359045718905493
2014-04-02,0.0018936016839599112,-0.00148666883104287,,0.021074902060826073,0.0359045718905493
2014-04-04,0.03183742647765042,-0.0070860855665405564,,-0.00526442722981002,0.015041999659375804
2014-04-06,0.04004457256998073,-0.0070860855665405564,,-0.00526442722981002,0.11362833884840473
2014-04-07,0.07151338500151883,0.03278846906814814,,0.06508951100050031,0.08735705788737858
2014-04-08,0.08643891907147339,0.03278846906814814,,0.06844687228708524,0.09494597373159053
2014-04-09,0.09877196805655664,0.03278846906814814,,0.11463895642909616,0.17895431860536282
2014-04-11,0.08652271557166791,0.03278846906814814,,0.0413709620623266,0.11029224696919915
2014-04-12,0.10435682320842976,0.03278846906814814,,0.09433841631491435,0.11029224696919915
2014-04-14,0.025576263699073953,0.016108608916850953,,0.0030332139268751668,0.048888272816946854
2014-04-15,0.036333727821570516,0.005029516013431268,,0.007593763092000216,0.039661801468042546
2014-04-16,0.036431847222594405,0.009177028896929507,,0.007593763092000216,0.04692128054978606
2014-04-17,0.02800686263882457,0.006174549895128667,,0.007593763092000216,0.05501779448460464
2014-04-22,0.0371825755972921,0.009074133714358057,,0.01322800190663953,0.05679599569575622
2014-04-23,0.038825797227758585,0.004598616846438031,,0.04010844733560681,0.04486836909552583
2014-04-24,0.026155570990743282,0.004598616846438031,,0.05356020840963316,0.06394718609226335
2014-04-25,0.041586839006132914,-0.011783959145587386,,0.05022699620458315,0.06394718609226335
2014-04-28,0.03321449913751784,0.014904868325840592,,0.05022699620458315,0.04197757477297004
2014-04-29,0.04445775705088728,0.014904868325840592,,0.02406205555581309,0.03815406851824221
2014-04-30,0.04445775705088728,0.014904868325840592,,0.026299908577333886,0.04989982348553634
2014-05-02,0.04445775705088728,0.014904868325840592,,0.026299908577333886,0.04989982348553634
2014-05-05,0.03209089683092281,0.018469742264833888,,0.026299908577333886,0.05356777516395961
2014-05-06,0.0532866596391095,0.018469742264833888,,0.026299908577333886,0.06532661433913467
2014-05-08,0.0923698058227953,0.036732872549633866,,0.026299908577333886,0.1355333723793839
2014-05-09,0.09768473920748488,0.07246063287189486,,0.026299908577333886,0.1355333723793839
2014-05-11,0.10331506332598028,0.07246063287189486,,0.026299908577333886,0.12992902272675422
2014-05-12,0.10910067357859199,0.08938904383837443,,0.026299908577333886,0.18058229725501507
2014-05-13,0.054998874452195645,0.03276769342767083,,0.05922092983346339,0.09120940618787965
2014-05-14,0.05370378624444028,0.03245203828770937,,0.05922092983346339,0.09120940618787965
2014-05-15,0.0602106440600334,0.03004621127817786,,0.04222447793668649,0.05827909523262731
2014-05-16,0.0602106440600334,0.039834831697637796,,0.08226811663375933,0.05827909523262731
2014-05-19,0.0602106440600334,0.04159849964549034,,0.06980577035555635,0.05827909523262731
2014-05-20,0.03321349636288251,0.03571682855831182,,0.07499856507580449,0.05827909523262731
2014-05-21,0.039756822003574666,0.011755578323984217,,0.07544807560517186,0.05827909523262731
2014-05-22,0.04645119486317051,0.02184967260675519,,0.07076340583433827,0.05827909523262731
2014-05-23,0.06140386104075235,0.02184967260675519,,0.08862540489832127,0.05827909523262731
2014-05-26,0.04629580864223182,0.02184967260675519,,0.04494347013443689,0.10058624588067522
2014-05-27,0.05115761466832791,0.0354382418371455,,0.04721212683708442,0.10058624588067522
2014-05-28,0.057154064960503126,0.0354382418371455,,0.06774922192314947,0.10058624588067522
2014-05-29,0.04727510862851725,0.0354382418371455,,0.06774922192314947,0.0944630081010871
2014-05-30,0.057144934182715046,0.0354382418371455,,0.08676124368378146,0.08083716432308385
2014-06-02,0.057144934182715046,0.0354382418371455,,0.08676124368378146,0.08083716432308385
2014-06-03,0.007180689008358332,-0.016095350003954345,,-0.014856792119286921,0.08083716432308385
2014-06-05,0.024950218721161876,-0.007994495271417379,,0.036545599826173,0.08372639886932887
2014-06-06,0.07088458811260634,0.05706265973929492,,0.036545599826173,0.08372639886932887
2014-06-08,0.09645093940347249,0.03377205243206993,,0.036545599826173,0.08372639886932887
2014-06-10,0.12649948265598332,0.03377205243206993,,0.10402126236738596,0.08372639886932887
2014-06-11,0.10518254997506604,0.03377205243206993,,0.10402126236738596,0.13246036626497704
2014-06-13,0.0622776990661118,0.03395489958892561,,0.06694902934136282,0.08985248464610307
2014-06-16,0.07611045280460216,0.03395489958892561,,0.06694902934136282,0.13655854750824759
2014-06-17,0.058802566409131174,0.03395489958892561,,0.052064007024816394,0.11770930347703801
2014-06-18,0.04457968472384155,0.042604809187350545,,0.04859122587035314,0.11358263273364777
2014-06-20,0.06943185267494312,0.03173363226984094,,0.0644580104257082,0.14700520509074666
2014-06-23,0.07449680921305091,0.03173363226984094,,0.053373385757713665,0.11454540728181528
2014-06-24,0.0711890598507372,0.03173363226984094,,0.061636866636497256,0.10075539919094978
2014-06-25,0.06663363483805296,0.03173363226984094,,0.061636866636497256,0.10075539919094978
2014-06-26,0.06553945519749704,0.03173363226984094,,0.1028339181092559,0.08466350237695397
2014-06-27,0.0758606380033513,0.03401052683820738,,0.08284589305889534,0.09389845673654595
2014-06-30,0.06562872882987358,0.03004580548613922,,0.004688757396997589,0.0855606081509328
2014-07-01,0.06562872882987358,0.03004580548613922,,0.004688757396997589,0.0855606081509328
2014-07-02,0.06562872882987358,0.03004580548613922,,0.004688757396997589,0.0855606081509328
2014-07-03,0.00047581751774061765,-0.047335838255671,,-0.01995221577105133,0.04823787372726307
2014-07-04,0.030611361001956938,-0.047335838255671,,-0.0008838359228126036,0.013103561684508769
2014-07-05,0.05394464661135134,-0.047335838255671,,-0.0008838359228126036,0.08585935819631607
2014-07-07,0.06205250657627559,0.045750684152837895,,0.10170503481080528,0.11278220450616128
2014-07-08,0.0853081619869176,0.045750684152837895,,0.10170503481080528,0.11278220450616128
2014-07-10,0.09513571182071812,0.045750684152837895,,0.10053821982965339,0.11278220450616128
2014-07-11,0.09487345575089079,0.045750684152837895,,0.10053821982965339,0.11278220450616128
2014-07-14,0.06747699785592975,0.04479625033566137,,0.08863885267686622,0.13516056202042925
2014-07-15,0.0760291861179836,0.04479625033566137,,0.08207593402971614,0.11074761113349973
2014-07-16,0.06396098783443649,0.048998751231994486,,0.06475988464062299,0.1146540037298791
2014-07-17,0.07435695742009107,0.05269153902854207,,0.07128621275568081,0.11632753223080927
2014-07-18,0.07902159812612974,0.07575268871991314,,0.019420861572245318,0.13668837673292233
2014-07-21,0.0928242562338546,0.08744424765050351,,0.019420861572245318,0.1509949728285629
2014-07-22,0.09767825834745913,0.08744424765050351,,0.019420861572245318,0.16077756303110347
2014-07-23,0.0845725705525342,0.08744424765050351,,0.12015649839958265,0.1498577586909684
2014-07-24,0.07961616246230108,0.06685924006595378,,0.09454553665816468,0.1390075716363428
2014-07-25,0.07961616246230108,0.06685924006595378,,0.10467889770786676,0.15189310098493758
2014-07-28,0.08169047328636858,0.06685924006595378,,0.11646372483221845,0.15189310098493758
2014-07-29,0.07617924962640821,0.08219268952876169,,0.11966439843283161,0.15189310098493758
2014-07-30,0.08035671248380716,0.07311317929786676,,0.11766119096419181,0.09840995678720232
2014-07-31,0.08856690884118801,0.026231788913911425,,0.11766119096419181,0.09434200490449296
2014-08-01,0.08856690884118801,0.026231788913911425,,0.11766119096419181,0.09434200490449296
2014-08-04,0.017127576649441867,0.010553705288242732,,0.11766119096419181,0.022648944878880917
2014-08-05,0.05206344997406931,0.002761409350401145,,0.0319446561719563,0.0847587125712661
2014-08-07,0.09355805563751929,0.002761409350401145,,0.0319446561719563,0.1333252112531682
2014-08-08,0.08012972510363015,0.002761409350401145,,0.07258339557461002,0.1333252112531682
2014-08-09,0.08012972510363015,0.03706547703031249,,0.06840472741973613,0.1333252112531682
2014-08-10,0.12615620963998753,0.06310607223786757,,0.06840472741973613,0.1333252112531682
2014-08-12,0.11426583990249073,0.0838384598432187,,0.1105706867328482,0.13473443056059886
2014-08-13,0.11426583990249073,0.0757609978818341,,0.1105706867328482,0.13473443056059886
2014-08-14,0.09043510658331311,0.0705626678209399,,0.07744465079572826,0.13473443056059886
2014-08-15,0.07918627526377109,0.0705626678209399,,0.07744465079572826,0.13473443056059886
2014-08-18,0.09295472655536585,0.0705626678209399,,0.07744465079572826,0.13473443056059886
2014-08-19,0.09802677591292475,0.08468755369477865,,0.021055814381242932,0.13473443056059886
2014-08-20,0.08559034010035749,0.08468755369477865,,0.09456365149202073,0.13473443056059886
2014-08-21,0.08559034010035749,0.056130257238184544,,0.0869959469005579,0.13473443056059886
2014-08-22,0.09720783503281893,0.0666897685442005,,0.0869959469005579,0.16148814261669142
2014-08-25,0.08988209638921307,0.1001295602789598,,0.027170310672543385,0.16148814261669142
2014-08-26,0.09067067664677664,0.054305849061365485,,0.027170310672543385,0.16148814261669142
2014-08-27,0.09635590839581143,0.054305849061365485,,0.10038291421705514,0.1394955453207798
2014-08-28,0.1191917186523963,0.08567599653234748,,0.10038291421705514,0.1394955453207798
2014-08-29,0.10045291002720758,0.07766566625250815,,-0.004995526532618921,0.019171371664733705
2014-09-04,0.023043120567558972,0.0045826897369019015,,0.008361204441081682,0.016550214739177838
2014-09-05,0.055201066037131596,0.03276645872560402,,0.008361204441081682,0.11378607825493559
2014-09-06,0.06581978218133444,0.048662686120337195,,0.05723667983560832,0.11378607825493559
2014-09-09,0.10693351554599895,0.048662686120337195,,0.05723667983560832,0.11378607825493559
2014-09-10,0.10836342070296379,0.048662686120337195,,0.05723667983560832,0.11378607825493559
2014-09-12,0.11100034719641849,0.10660600212475457,,0.10731692793574799,0.16086329641711483
2014-09-15,0.07447884601152377,0.038639375647457896,,0.07361196880601528,0.1557788429814475
2014-09-16,0.07765496118556703,0.07422965909844015,,0.07361196880601528,0.1557788429814475
2014-09-17,0.08516862951858073,0.05556141157541861,,0.09003463703741099,0.1557788429814475
2014-09-18,0.07794083774538207,0.05556141157541861,,0.08265698520609677,0.1557788429814475
2014-09-19,0.10908721809688604,0.05556141157541861,,0.08265698520609677,0.11489932786351642
2014-09-22,0.09683762817642605,0.05556141157541861,,0.08367534913775176,0.11989235191879999
2014-09-23,0.08295921292333186,0.05556141157541861,,0.07256596991731556,0.1279027379976052
2014-09-24,0.10901610021401731,0.05556141157541861,,0.07256596991731556,0.1279027379976052
2014-09-25,0.10180626878272148,0.09821916431324418,,0.08507211285446337,0.1279027379976052
2014-09-26,0.09051614926609242,0.09821916431324418,,0.08507211285446337,0.1279027379976052
2014-09-29,0.0814069644947999,0.09568960082442368,,0.07061410191722017,0.15238837903418734
2014-09-30,0.0814069644947999,0.027827277491288216,,0.07061410191722017,0.15238837903418734
2014-10-03,0.008622209002711934,-0.01740790486994437,,-0.012134813489771079,0.03290276380013579
2014-10-04,0.02360419966592686,0.018534294203286006,,-0.012134813489771079,0.04507699036813939
2014-10-06,0.0526017779079897,0.031066586757551695,,-0.012134813489771079,0.07966082809902053
2014-10-07,0.07459114533220368,0.031066586757551695,,0.06700064968888242,0.11823056509378849
2014-10-09,0.09132985226918122,0.031066586757551695,,0.08416486632000741,0.12076659272507473
2014-10-10,0.08652846818091198,0.031066586757551695,,0.08416486632000741,0.13649314361971232
2014-10-11,0.09138930288823066,0.07729482065963911,,0.1208607308182077,0.13649314361971232
2014-10-12,0.11380924096098721,0.07729482065963911,,0.07902325853799819,0.11671546775113151
2014-10-13,0.10759527912765754,0.07729482065963911,,0.11132298014852116,0.14597786418817793
2014-10-14,0.10356121208992364,0.07729482065963911,,0.1078703404348329,0.14597786418817793
2014-10-15,0.0899353759407826,0.07729482065963911,,0.10050625450004413,0.1336684754278683
2014-10-16,0.0899353759407826,0.07729482065963911,,0.10050625450004413,0.1336684754278683
2014-10-20,0.09645038749613977,0.06049847266032038,,0.10193884516725915,0.13515703846954485
2014-10-21,0.09228043496322069,0.09000476076131458,,0.10193884516725915,0.13515703846954485
2014-10-22,0.08693825031992497,0.09000476076131458,,0.08729457798636364,0.11856984836108087
2014-10-23,0.09842630058249768,0.09000476076131458,,0.1043110085629193,0.11856984836108087
2014-10-24,0.11869837640873171,0.09000476076131458,,0.1043110085629193,0.11856984836108087
2014-10-27,0.10161632877800408,0.09000476076131458,,0.1043110085629193,0.13223333448663332
2014-10-28,0.08902118100238487,0.09000476076131458,,0.1043110085629193,0.13223333448663332
2014-10-29,0.0960203182349153,0.06559971538020037,,0.0973478243534398,0.12532839818202834
2014-10-30,0.08694228429545503,0.1007707791797594,,0.08625809736072743,0.12532839818202834
2014-10-31,0.09621734438662988,0.1007707791797594,,0.0815573886562877,0.12532839818202834
2014-11-02,0.09621734438662988,0.1007707791797594,,0.0815573886562877,0.12532839818202834
2014-11-03,0.016304499800569916,-0.049798231763471645,,-0.006098064871178366,-0.004173119109672774
2014-11-04,0.030491990785606937,-0.049798231763471645,,0.0023621987024351476,0.04137243778108424
2014-11-06,0.0592970153270862,0.0427707115629512,,0.106830671553795,0.04137243778108424
2014-11-07,0.07249835180834396,0.0427707115629512,,0.10361806803718543,0.12151999326801621
2014-11-08,0.08563363956596404,0.0427707115629512,,0.10361806803718543,0.12151999326801621
2014-11-09,0.09168242478074995,0.0427707115629512,,0.10361806803718543,0.12151999326801621
2014-11-11,0.09133307601805751,0.0427707115629512,,0.09004783462905319,0.15295542585026123
2014-11-12,0.10522758427891876,0.06193654949056859,,0.09302966072411678,0.1235005671182774
2014-11-13,0.09452836306115309,0.06193654949056859,,0.09302966072411678,0.14496222017870175
2014-11-14,0.09325970635327141,0.06193654949056859,,0.09302966072411678,0.14100289428166524
2014-11-17,0.09523545262825928,0.04287921305889908,,0.09302966072411678,0.14100289428166524
2014-11-18,0.09927861994113085,0.0464664931016614,,0.09292706363255743,0.13290608211228028
2014-11-19,0.08717646362869713,0.05512893392299101,,0.09292706363255743,0.10543503398078835
2014-11-21,0.1030277798314112,0.10005920232273646,,0.13004152244139555,0.10543503398078835
2014-11-24,0.11910114103171177,0.10005920232273646,,0.13004152244139555,0.18944116067542072
2014-11-25,0.10252765456083845,0.10005920232273646,,0.12827711790651364,0.19409995525299872
2014-11-26,0.11762020875327739,0.08842858332550896,,0.12827711790651364,0.19988515796747341
2014-11-27,0.11636619903688694,0.0962454082522104,,0.12827711790651364,0.1543459097382649
2014-11-28,0.10229365443066873,0.0797266803683041,,0.16110106571426663,0.15306981262247943
2014-12-02,-0.04679217160150584,0.0797266803683041,,0.16110106571426663,0.15306981262247943
2014-12-03,0.011295930271551402,-0.02763941857478336,,-0.010248636757841267,0.0009294361160701037
2014-12-05,0.05447130442182879,0.030224076767829677,,-0.010248636757841267,0.04364258024451595
2014-12-08,0.08836749966990465,0.030224076767829677,,-0.010248636757841267,0.10445268933753882
2014-12-09,0.09366135572309253,0.06289135171220273,,-0.010248636757841267,0.10445268933753882
2014-12-11,0.09797639697277982,0.074920246932207,,-0.010248636757841267,0.12872502024431376
2014-12-12,0.11325345693210687,0.074920246932207,,0.0897867604106255,0.13269924834141267
2014-12-15,0.10416740651480971,0.05554644924785257,,0.0897867604106255,0.13269924834141267
2014-12-16,0.09509783896728097,0.05681897842857464,,0.06508857163703463,0.09603786955464644
2014-12-17,0.09560685576047678,0.07852153637516479,,0.08244272291032839,0.11857236953891737
2014-12-18,0.10560680943457634,0.06957381371997995,,0.08244272291032839,0.14107579691153593
2014-12-19,0.1103466019990138,0.08444210604882585,,0.08244272291032839,0.13615064837566693
2014-12-22,0.12344271863413381,0.08096081888651052,,0.0861161372197623,0.13615064837566693
2014-12-23,0.11745709297005802,0.08304011370566533,,0.0861161372197623,0.16523310265261082
2014-12-26,0.11745709297005802,0.07161041009776614,,0.12409202022725485,0.14940959408061016
2014-12-29,0.11345754349420578,0.08901553369643578,,0.06364976256969856,0.14940959408061016
2014-12-30,0.10815887850752359,0.09466642310025497,,0.12912294309128347,0.14940959408061016
2015-01-04,0.10815887850752359,0.09466642310025497,,0.130126496702339,0.14940959408061016
2015-01-06,0.135055821184922,0.09466642310025497,,0.11753760235442567,0.14940959408061016
2015-01-07,0.14317819087941008,0.09466642310025497,,0.1792438274968513,0.22190962729612762
2015-01-09,0.11399555972916553,0.05252179120344613,,0.1792438274968513,0.22190962729612762
2015-01-10,0.11399555972916553,0.05252179120344613,,0.1792438274968513,0.22190962729612762
2015-01-12,0.13531125895915275,0.05252179120344613,0.003625748037253018,0.1416659918518246,0.22190962729612762
2015-01-13,0.13133010734759676,0.05252179120344613,0.003625748037253018,0.16425847000156302,0.19727669268544945
2015-01-14,0.1362157759784688,0.0881421680096226,0.003625748037253018,0.16425847000156302,0.19727669268544945
2015-01-15,0.0852925961030806,0.0694942857755787,0.003625748037253018,0.11118995884147265,0.19727669268544945
2015-01-16,0.0770755824033107,0.0694942857755787,0.003625748037253018,0.10025734922376217,0.09876512747673405
2015-01-19,0.08541534067514345,0.04869908247456545,0.003625748037253018,0.0879737972950787,0.1698188821668396
2015-01-20,0.07882021009539386,0.05216754022521952,0.003625748037253018,0.08849849224397821,0.1698188821668396
2015-01-21,0.10424545993783774,0.06919462157760958,0.003625748037253018,0.14521656067169775,0.1698188821668396
2015-01-22,0.08158165126784822,0.0833129254133953,0.003625748037253018,0.1031298185305749,0.1698188821668396
2015-01-23,0.07675774097217825,0.0807099746623916,0.003625748037253018,0.09298490052007335,0.1027717421326646
2015-01-26,0.08834204520805455,0.0807099746623916,0.003625748037253018,0.11230693268530878,0.012550050715882888
2015-01-27,0.09870228093863842,0.08597851404107804,0.003625748037253018,0.09273941880509051,0.11361344617660252
2015-01-28,0.08425191429868573,0.08597851404107804,0.003625748037253018,0.11921853281971795,0.09692206167661466
2015-01-29,0.10400459671130347,0.07235621756499211,0.003625748037253018,0.12006376741458702,0.09692206167661466
2015-01-30,0.08491339668403408,0.08840617904552506,0.003625748037253018,0.12006376741458702,0.09692206167661466
2015-02-01,0.10135795703007755,0.08840617904552506,0.003625748037253018,0.12006376741458702,0.09692206167661466
2015-02-02,0.09157888448680596,0.07252730587165468,0.003625748037253018,0.12547994183658484,0.1282513008381969
2015-02-03,0.08822800532988073,0.05182170783597995,0.003625748037253018,0.11054152926294103,0.16562234163902567
2015-02-04,0.08822800532988073,0.09338687234942977,0.003625748037253018,0.11054152926294103,0.1571786893386209
2015-02-06,0.138533244400314,0.07755216758718908,0.003625748037253018,0.11054152926294103,0.19384653305041444
2015-02-07,0.11982604795954632,0.07755216758718908,0.003625748037253018,0.1702334261753975,0.16493999714899088
2015-02-09,0.12463675060754609,0.07647904279038409,0.003625748037253018,0.1702334261753975,0.16493999714899088
2015-02-10,0.12463675060754609,0.07647904279038409,0.01666505225558379,0.1702334261753975,0.16493999714899088
2015-02-12,0.12463675060754609,0.07647904279038409,0.056159973987021994,0.1551533213188856,0.16493999714899088
2015-02-13,0.09072402673572566,0.07647904279038409,0.056159973987021994,0.07839995925729415,0.15481249914674344
2015-02-18,0.09072402673572566,0.07647904279038409,0.056159973987021994,0.07839995925729415,0.15293228742146825
2015-02-19,0.06354237517810213,0.07647904279038409,0.056159973987021994,0.07839995925729415,0.15293228742146825
2015-02-20,0.08390299066668461,0.07569738336858722,0.056159973987021994,0.06333620955575281,0.15293391484843144
2015-02-23,0.06996002799228229,0.07569738336858722,0.056159973987021994,0.06798020674870764,0.15293391484843144
2015-02-24,0.07871198192534923,0.0751608907299397,0.056159973987021994,0.07567224586033139,0.10299214319424066
2015-02-25,0.07289070454221425,0.03980566208926528,0.056159973987021994,0.06526020450271752,0.09542431815555208
2015-02-26,0.08888838485377137,0.03980566208926528,0.056159973987021994,0.0745245129783847,0.09542431815555208
2015-02-27,0.07095363944090294,0.04780208783651485,0.056159973987021994,0.10179920274288179,0.11018092639134025
2015-03-02,0.09045280383985643,0.08331111804301305,0.056159973987021994,0.10179920274288179,0.11018092639134025
2015-03-03,0.09029750817366144,0.09167738903736522,0.056159973987021994,0.10179920274288179,0.1677605195945131
2015-03-06,0.1098885989823779,0.12039320427824407,0.056159973987021994,0.18401906213633556,0.1677605195945131
2015-03-07,0.12507463712617106,0.12253915568309726,0.056159973987021994,0.17090301747363545,0.1677605195945131
2015-03-08,0.1443375260878681,0.12253915568309726,0.056159973987021994,0.17458699729688587,0.1612993163061167
2015-03-09,0.1443375260878681,0.07819427193533501,0.056159973987021994,0.17458699729688587,0.1612993163061167
2015-03-11,0.1443375260878681,0.07819427193533501,0.009742490589321307,0.17458699729688587,0.1777493032687878
2015-03-12,0.1604441904632774,0.07819427193533501,0.04037003393463756,0.16269575331290786,0.15611174136110395
2015-03-13,0.08004165918557371,0.06368482560961897,0.04037003393463756,0.06668477058778444,0.11855952544321102
2015-03-16,0.09541612554646917,0.03986937417498093,0.04037003393463756,0.06732270626733783,0.09825399916546029
2015-03-17,0.08808540639196005,0.09857751515889879,0.04037003393463756,0.11794105245190578,0.09825399916546029
2015-03-18,0.07947055043443596,0.09951275455670983,0.04037003393463756,0.1038170661416904,0.17055508038753486
2015-03-19,0.09319793943919907,0.0814932107458397,0.04037003393463756,0.130556320591658,0.1887818650485258
2015-03-20,0.10787891088303714,0.07433252327667739,0.04037003393463756,0.10067603375049505,0.1339567424805983
2015-03-23,0.08242070578634153,0.07072506032338177,0.04037003393463756,0.09669498627706608,0.12160190296292428
2015-03-24,0.09757637854155354,0.07072506032338177,0.04037003393463756,0.10317678298353883,0.1654653864083675
2015-03-25,0.09757637854155354,0.08088207608131248,0.04037003393463756,0.08703513137789898,0.14539644399052198
2015-03-26,0.09757637854155354,0.07904428679803854,0.04037003393463756,0.11745071216404002,0.14759200970864095
2015-03-27,0.09757637854155354,0.09593698259377992,0.04037003393463756,0.13856355055788128,0.13640204296432978
2015-03-30,0.08014822591437354,0.08476903764799615,0.04037003393463756,0.12136734906582847,0.17498439537654198
2015-03-31,0.0811145460696594,0.06964673956470024,0.04037003393463756,0.13352090053155452,0.17498439537654198
2015-04-02,0.08408664903181351,0.08412185314828546,0.04037003393463756,0.13352090053155452,0.15234265576856076
2015-04-03,0.09467432682270793,0.05158675333381679,0.04037003393463756,0.11487410700609657,0.15234265576856076
2015-04-05,0.09680978211613622,0.05158675333381679,0.04037003393463756,0.08673730293632054,0.1836976012252507
2015-04-08,0.14247073528049836,0.08692739261084315,0.04037003393463756,0.08673730293632054,0.20841813294977451
2015-04-11,0.14247073528049836,0.08692739261084315,0.02765899069808575,0.08673730293632054,0.20841813294977451
2015-04-12,0.14247073528049836,0.08692739261084315,0.00987581406422322,0.08673730293632054,0.20537652531354267
2015-04-13,0.12332408143460394,0.08692739261084315,0.00987581406422322,0.08673730293632054,0.20537652531354267
2015-04-14,0.08473751840120092,0.08692739261084315,0.00987581406422322,0.08673730293632054,0.20537652531354267
2015-04-15,0.11191770011235302,0.06489090520417728,0.00987581406422322,0.08673730293632054,0.20537652531354267
2015-04-16,0.12217304104066828,0.06489090520417728,0.00987581406422322,0.08673730293632054,0.20537652531354267
2015-04-17,0.11561949224601675,0.06489090520417728,0.00987581406422322,0.1035494628821545,0.13890083129350272
2015-04-20,0.11390616408618714,0.06489090520417728,0.00987581406422322,0.1035494628821545,0.13890083129350272
2015-04-22,0.12336454320050394,0.06489090520417728,0.00987581406422322,0.1035494628821545,0.13890083129350272
2015-04-23,0.08665692437428318,0.06489090520417728,0.00987581406422322,0.07905563216519229,0.10667983361796418
2015-04-24,0.10835189451390415,0.06489090520417728,0.00987581406422322,0.07905563216519229,0.12435541696077435
2015-04-27,0.11539407384592582,0.06489090520417728,0.00987581406422322,0.12418579381268935,0.12435541696077435
2015-04-28,0.1050088697894851,0.06489090520417728,0.00987581406422322,0.12418579381268935,0.12435541696077435
2015-04-29,0.09861896104235801,0.04588139569572891,0.00987581406422322,0.12418579381268935,0.12435541696077435
2015-04-30,0.10166523596526367,0.08960625382980636,0.00987581406422322,0.12418579381268935,0.1799639436124214
2015-05-01,0.10166523596526367,0.10629897439710012,0.00987581406422322,0.12418579381268935,0.1799639436124214
2015-05-02,0.0861855335536974,0.08159404231631462,0.00987581406422322,0.07105899375454428,0.13698216160154497
2015-05-03,0.08653792209615463,0.08159404231631462,0.00987581406422322,0.07105899375454428,0.15579382045477086
2015-05-05,0.09952033438225616,0.08159404231631462,0.00987581406422322,0.07105899375454428,0.15579382045477086
2015-05-06,0.11412794695162054,0.08159404231631462,0.00987581406422322,0.10402987567930877,0.15579382045477086
2015-05-08,0.1295225002610838,0.08762095686082016,0.00987581406422322,0.10402987567930877,0.15579382045477086
2015-05-10,0.1295225002610838,0.08762095686082016,0.017161723727558753,0.10402987567930877,0.15579382045477086
2015-05-11,0.13798950796517628,0.08762095686082016,0.021580903822737474,0.10402987567930877,0.15579382045477086
2015-05-13,0.1138230701001619,0.04829938461181582,0.021580903822737474,0.10402987567930877,0.11942944708881531
2015-05-14,0.1138230701001619,0.04829938461181582,0.021580903822737474,0.12267989280255631,0.15114613106528285
2015-05-15,0.12353836446084321,0.04829938461181582,0.021580903822737474,0.12267989280255631,0.15114613106528285
2015-05-18,0.13167029959588938,0.04829938461181582,0.021580903822737474,0.12267989280255631,0.15114613106528285
2015-05-19,0.12851576123425024,0.04829938461181582,0.021580903822737474,0.12267989280255631,0.15114613106528285
2015-05-20,0.12853563180464112,0.04829938461181582,0.021580903822737474,0.12267989280255631,0.15114613106528285
2015-05-21,0.11797899236705489,0.04829938461181582,0.021580903822737474,0.12267989280255631,0.16117083056622983
2015-05-22,0.1287790439089087,0.04829938461181582,0.021580903822737474,0.12267989280255631,0.16117083056622983
2015-05-25,0.11756584731082365,0.04829938461181582,0.021580903822737474,0.12267989280255631,0.16117083056622983
2015-05-26,0.12383724086902204,0.04829938461181582,0.021580903822737474,0.16111753712709143,0.15064740664406107
2015-05-27,0.12926952176305018,0.04829938461181582,0.021580903822737474,0.13243265725878328,0.16282179042836953
2015-05-28,0.1334024822065647,0.04829938461181582,0.021580903822737474,0.1637447079412997,0.1829484969751527
2015-05-29,0.1327933843106337,0.04829938461181582,0.021580903822737474,0.11697150100806941,0.1829484969751527
2015-06-01,0.11958055118975763,0.09513194955056781,0.021580903822737474,0.13956957255570313,0.1470199424518941
2015-06-02,0.10390974490671478,0.04012377751444007,0.021580903822737474,0.11822964536952263,0.13940754897280105
2015-06-03,0.11534298476594662,0.04012377751444007,0.021580903822737474,0.11937161093182369,0.0942705553344092
2015-06-04,0.11534298476594662,0.06550492783136974,0.021580903822737474,0.12933928314742738,0.1510002838811928
2015-06-05,0.10507206174926043,0.06550492783136974,0.021580903822737474,0.12933928314742738,0.12482991768428531
2015-06-07,0.10507206174926043,0.06550492783136974,0.021580903822737474,0.12933928314742738,0.2286668641227214
2015-06-08,0.14150005038656532,0.06550492783136974,0.021580903822737474,0.12933928314742738,0.2286668641227214
2015-06-10,0.13070381644206464,0.07267085776891213,0.00684907138446289,0.12933928314742738,0.2286668641227214
2015-06-11,0.13070381644206464,0.07267085776891213,0.018161979518874105,0.12933928314742738,0.2286668641227214
2015-06-18,0.13375006562835878,0.07267085776891213,0.018161979518874105,0.12933928314742738,0.1741490508369521
2015-06-23,0.13375006562835878,0.10186811927450146,0.018161979518874105,0.12933928314742738,0.1741490508369521
2015-06-24,0.1266697770473577,0.123213508187757,0.018161979518874105,0.12933928314742738,0.1741490508369521
2015-06-25,0.12571892840833443,0.09373083900718582,0.018161979518874105,0.16259980338043678,0.17909483186899422
2015-06-26,0.13717498043731524,0.09373083900718582,0.018161979518874105,0.1344998549106613,0.1753613371894267
2015-06-29,0.11279776830407773,0.06277390820113449,0.018161979518874105,0.18933742277993892,0.23364643522642692
2015-06-30,0.11279776830407773,0.0847345672101405,0.018161979518874105,0.1771810253219348,0.22302454053906295
2015-07-01,0.11669176049822072,0.0847345672101405,0.018161979518874105,0.15224322911023314,0.22302454053906295
2015-07-04,0.0733797821340556,0.0847345672101405,0.018161979518874105,0.15308016754460563,0.22302454053906295
2015-07-05,0.10957733563846905,0.0847345672101405,0.018161979518874105,0.15308016754460563,0.22302454053906295
2015-07-07,0.12640213249367616,0.0847345672101405,0.018161979518874105,0.15308016754460563,0.21868943146566822
2015-07-08,0.11896377901759969,0.0847345672101405,0.018161979518874105,0.15308016754460563,0.21868943146566822
2015-07-10,0.12937278753313874,0.07920199764581537,0.041948689231306124,0.06017572583040631,0.08664268510112105
2015-07-12,0.15751321365287896,0.0965674174571709,0.015785223074127108,0.06017572583040631,0.08664268510112105
2015-07-13,0.1289614154434684,0.0965674174571709,0.015785223074127108,0.13023862879809167,0.2255176814679949
2015-07-14,0.15714327655430083,0.0965674174571709,0.015785223074127108,0.13856054273466922,0.2255176814679949
2015-07-15,0.15714327655430083,0.0965674174571709,0.015785223074127108,0.16013854554547002,0.17983160845512702
2015-07-16,0.15714327655430083,0.0965674174571709,0.015785223074127108,0.13974319389572898,0.20289709841053738
2015-07-17,0.14144630662278446,0.09890421148987572,0.015785223074127108,0.18787216923598815,0.18090097279961093
2015-07-20,0.14144630662278446,0.14329066840400584,0.015785223074127108,0.14077623514899829,0.18090097279961093
2015-07-21,0.15317825035957777,0.1083185776633433,0.015785223074127108,0.14077623514899829,0.19082791996623505
2015-07-22,0.14402600919067665,0.1083185776633433,0.015785223074127108,0.19982125196760792,0.19082791996623505
2015-07-23,0.12903569225708056,0.13289998300005146,0.015785223074127108,0.19982125196760792,0.24854891923108768
2015-07-24,0.14750445805769186,0.13289998300005146,0.015785223074127108,0.19982125196760792,0.24854891923108768
2015-07-27,0.14454071758781573,0.07479815733027162,0.015785223074127108,0.19982125196760792,0.2025505469858233
2015-07-28,0.11510421764342604,0.07534042133478747,0.015785223074127108,0.19982125196760792,0.2025505469858233
2015-07-29,0.11510421764342604,0.07534042133478747,0.015785223074127108,0.19982125196760792,0.26244684059371015
2015-07-30,0.11510421764342604,0.13277792440244984,0.015785223074127108,0.13012074054344658,0.26244684059371015
2015-07-31,0.13691604724997708,0.13258318161156768,0.015785223074127108,0.13012074054344658,0.2180719887248188
2015-08-01,0.13610518766584034,0.13258318161156768,0.015785223074127108,0.15077900793603027,0.2180719887248188
2015-08-04,0.10551285745817718,0.06110099267903468,0.015785223074127108,0.15077900793603027,0.11624099847088054
2015-08-05,0.10751902154817694,0.06110099267903468,0.015785223074127108,0.15077900793603027,0.11624099847088054
2015-08-07,0.15592385398396358,0.06110099267903468,0.015785223074127108,0.15077900793603027,0.11624099847088054
2015-08-09,0.10720415889150847,0.06110099267903468,0.015785223074127108,0.15077900793603027,0.11624099847088054
2015-08-10,0.12358880631270575,0.06110099267903468,0.027094352038987468,0.132381314069987,0.16861892252550348
2015-08-12,0.14961727943123448,0.13802979712700814,0.027094352038987468,0.132381314069987,0.16861892252550348
2015-08-13,0.11662655441030312,0.13802979712700814,0.027094352038987468,0.132381314069987,0.16861892252550348
2015-08-14,0.11091760971012143,0.13802979712700814,0.027094352038987468,0.08177763404627902,0.1472268267225445
2015-08-17,0.12441042666001745,0.13802979712700814,0.027094352038987468,0.07532757201383178,0.1472268267225445
2015-08-18,0.09901585676473812,0.051407650406422034,0.027094352038987468,0.07927439689514904,0.11002324415437448
2015-08-19,0.11336413579947702,0.051407650406422034,0.027094352038987468,0.07927439689514904,0.11002324415437448
2015-08-20,0.10688996538673545,0.11113414064519733,0.027094352038987468,0.09410817274943462,0.11492451677405602
2015-08-21,0.10688996538673545,0.11113414064519733,0.027094352038987468,0.15248594016802763,0.11492451677405602
2015-08-24,0.11306012160110335,0.11113414064519733,0.027094352038987468,0.10082888957758263,0.11492451677405602
2015-08-25,0.11306012160110335,0.11113414064519733,0.027094352038987468,0.1417316998611211,0.1809904269715079
2015-08-26,0.09985587116351446,0.11113414064519733,0.027094352038987468,0.1417316998611211,0.1809904269715079
2015-08-28,0.11360709608323427,0.11113414064519733,0.027094352038987468,0.1417316998611211,0.09761192301168098
2015-08-31,0.12054231787124703,0.11113414064519733,0.027094352038987468,0.1417316998611211,0.174892237084199
2015-09-01,0.10509745043976992,0.11113414064519733,0.027094352038987468,0.14933089638020913,0.174892237084199
2015-09-02,0.10509745043976992,0.07989037505283769,0.027094352038987468,0.14933089638020913,0.14121662556060444
2015-09-03,0.07512043208987107,0.07408643730616937,0.027094352038987468,0.1067307995463449,0.09102797190211787
2015-09-04,0.12195786867152436,0.07408643730616937,0.027094352038987468,0.15424992338444476,0.1508146190475883
2015-09-06,0.13467613467667494,0.07664245934778968,0.027094352038987468,0.15424992338444476,0.1508146190475883
2015-09-09,0.13263130943036328,0.07664245934778968,0.027094352038987468,0.06808752669934726,0.1508146190475883
2015-09-10,0.13263130943036328,0.07664245934778968,0.03013196631605375,0.06808752669934726,0.1508146190475883
2015-09-11,0.15681526820847158,0.07664245934778968,0.03589320055276257,0.06808752669934726,0.1508146190475883
2015-09-12,0.15208335390673566,0.10624635730404108,0.028549578740269643,0.06808752669934726,0.1508146190475883
2015-09-14,0.11076098241259102,0.10624635730404108,-0.002264995586398477,0.06808752669934726,0.09787954041736846
2015-09-15,0.11076098241259102,0.10624635730404108,-0.015495340417133185,0.06808752669934726,0.09787954041736846
2015-09-16,0.11076098241259102,0.10624635730404108,-0.002297248224529591,0.06808752669934726,0.09787954041736846
2015-09-17,0.11076098241259102,0.10624635730404108,0.028306726192204534,0.07410690639447837,0.09787954041736846
2015-09-18,0.13894561640499625,0.10624635730404108,0.011060260473713557,0.07410690639447837,0.09787954041736846
2015-09-21,0.1275944267692175,0.02744692359822931,0.008979317827191746,0.07410690639447837,0.07377519656173281
2015-09-22,0.1381147756783605,0.02744692359822931,-0.040151756963011764,0.07410690639447837,0.07377519656173281
2015-09-23,0.12917424864060134,0.02744692359822931,-0.031659926068489996,0.07410690639447837,0.07505499540688154
2015-09-24,0.0862377969857202,0.02744692359822931,-0.04657636315750702,0.040038385702173995,0.07505499540688154
2015-09-25,0.15257853774792585,0.02744692359822931,-0.005714562290891845,0.040038385702173995,0.11849616917794537
2015-09-28,0.15257853774792585,0.02744692359822931,-0.005714562290891845,0.07121163380705386,0.11849616917794537
2015-09-29,0.14754151019918993,0.03632008720972668,-0.0151277223974422,0.058262064811611225,0.16758645637139158
2015-09-30,0.14754151019918993,0.03632008720972668,0.019007083838823213,0.058262064811611225,0.16758645637139158
2015-10-02,0.0701000837717165,0.07738851849726847,0.019007083838823213,0.058262064811611225,0.09837665075119184
2015-10-03,0.0701000837717165,0.07738851849726847,0.019007083838823213,0.07926729586539638,0.08780473941490685
2015-10-04,0.0957674674667306,0.07738851849726847,0.019007083838823213,0.15182296440674192,0.12602300077972295
2015-10-06,0.1133984846435736,0.07738851849726847,0.019007083838823213,0.15182296440674192,0.12602300077972295
2015-10-07,0.12600989605116064,0.07738851849726847,0.019007083838823213,0.12957316976903388,0.1689961235070847
2015-10-08,0.12600989605116064,0.07738851849726847,0.019007083838823213,0.12957316976903388,0.1689961235070847
2015-10-11,0.15265226360741302,0.07738851849726847,0.04235199685826796,0.12957316976903388,0.1689961235070847
2015-10-12,0.17029233149258705,0.13062246925686694,0.04235199685826796,0.12957316976903388,0.1689961235070847
2015-10-13,0.12258339129154638,0.13062246925686694,0.04235199685826796,0.07706674022372262,0.1689961235070847
2015-10-14,0.12258339129154638,0.053116240976002205,0.04235199685826796,0.07706674022372262,0.1689961235070847
2015-10-15,0.12671459687944875,0.07165261520544464,0.02442538138517536,0.13902051833106643,0.1689961235070847
2015-10-16,0.1329361958138997,0.10483283499563512,0.019985175419277246,0.1404274160124388,0.12932070901268067
2015-10-19,0.12511184559375255,0.10483283499563512,0.005897854009444092,0.1404274160124388,0.10811804456486396
2015-10-20,0.12511184559375255,0.10483283499563512,0.011969917958029042,0.1404274160124388,0.10811804456486396
2015-10-21,0.1317809717908054,0.10483283499563512,0.011238292482163903,0.1404274160124388,0.10811804456486396
2015-10-22,0.1317809717908054,0.10483283499563512,0.01272531089857476,0.1404274160124388,0.10811804456486396
2015-10-23,0.1517267207298183,0.10483283499563512,0.014327131067946919,0.1404274160124388,0.10811804456486396
2015-10-26,0.15737369166982873,0.10483283499563512,0.013897507930096697,0.1404274160124388,0.10811804456486396
2015-10-27,0.1309624903568729,0.10483283499563512,0.013515071535183942,0.1404274160124388,0.128060965251094
2015-10-28,0.140496661885249,0.10483283499563512,0.012625537031290657,0.1404274160124388,0.19261216114197754
2015-10-29,0.140496661885249,0.10483283499563512,0.015238686118389078,0.1404274160124388,0.18660917763767615
2015-10-30,0.1436548653309886,0.10483283499563512,0.02296193987869688,0.21869777194360762,0.13022375089320626
2015-11-02,0.07293786735914787,0.04691479937926801,0.02296193987869688,0.21869777194360762,0.1502890649492976
2015-11-05,0.11095147813747319,0.04691479937926801,0.02296193987869688,0.21869777194360762,0.1502890649492976
2015-11-06,0.13578029535640246,0.04691479937926801,0.02296193987869688,0.11566617548901048,0.15460607223261635
2015-11-08,0.09888528540319697,0.04691479937926801,0.02296193987869688,0.11566617548901048,0.15460607223261635
2015-11-09,0.09888528540319697,0.04691479937926801,0.02296193987869688,0.11566617548901048,0.05611383033702566
2015-11-11,0.09888528540319697,0.04691479937926801,0.040966124103790635,0.11191346402218372,0.05611383033702566
2015-11-12,0.09888528540319697,0.11376778386458453,0.009287717217783209,0.12017513871894003,0.13850062242030314
2015-11-13,0.15329476571848288,0.11376778386458453,0.0258957965968174,0.14241207151768953,0.2148209699231438
2015-11-16,0.15617160032422817,0.11376778386458453,0.04310886435335348,0.14352574456852119,0.15786931198173426
2015-11-17,0.15617160032422817,0.09666176182638364,0.04104345840361523,0.16875169470818197,0.15786931198173426
2015-11-18,0.15617160032422817,0.09666176182638364,0.0392142445647925,0.16875169470818197,0.21548984240507885
2015-11-19,0.16382520719211335,0.09666176182638364,0.04087409913035622,0.16875169470818197,0.17205607304556803
2015-11-23,0.16648868243000448,0.09666176182638364,0.045187386655279216,0.16875169470818197,0.17205607304556803
2015-11-24,0.17309926641506834,0.09666176182638364,0.04239410845983693,0.1363928062202875,0.17205607304556803
2015-11-25,0.16093449578680263,0.09666176182638364,0.06339474414349144,0.1363928062202875,0.17205607304556803
2015-11-26,0.16093449578680263,0.09528994490871767,0.013519711692940639,0.12515071540372724,0.17205607304556803
2015-11-27,0.16093449578680263,0.09528994490871767,0.040620536607336444,0.06685415549159202,0.17205607304556803
2015-11-30,0.16093449578680263,0.11053979847592488,0.0404903458125796,0.1185181015679031,0.12245032885191653
2015-12-01,0.13107932504040032,0.11053979847592488,0.0404903458125796,0.14167029897281713,0.12245032885191653
2015-12-02,0.07775393561401445,0.06105454271306798,0.0404903458125796,0.06970784961993548,0.08068461114896519
2015-12-03,0.08779205668277101,0.07128397912742757,0.0404903458125796,0.09768257535954161,0.14822534463586212
2015-12-05,0.11639395358922622,0.07128397912742757,0.0404903458125796,0.09768257535954161,0.144565692072691
2015-12-06,0.11639395358922622,0.07682548341173634,0.0404903458125796,0.16329869537825759,0.144565692072691
2015-12-11,0.11639395358922622,0.07682548341173634,0.017218138907229008,0.16329869537825759,0.15233993449724537
2015-12-14,0.15478119514646438,0.11825832506874212,0.017218138907229008,0.16329869537825759,0.1601872653527583
2015-12-15,0.14953255260020093,0.11825832506874212,0.016367919539156617,0.16329869537825759,0.2014922840181259
2015-12-16,0.14953255260020093,0.11465315096492179,0.03914042305693943,0.16329869537825759,0.2014922840181259
2015-12-17,0.14330422306527368,0.11440625979358177,0.0055705737361306795,0.16329869537825759,0.2014922840181259
2015-12-18,0.14330422306527368,0.09320567936506419,0.03190418433194275,0.12011139407228999,0.2014922840181259
2015-12-21,0.15589095878180692,0.09320567936506419,0.029580325286550524,0.11763968140098435,0.14758344380208377
2015-12-22,0.15830579261728372,0.13720297533106063,0.018851001542433687,0.15031338220790413,0.14758344380208377
2015-12-23,0.15830579261728372,0.13720297533106063,0.018851001542433687,0.15031338220790413,0.16535170282180456
2015-12-28,0.17217289043383177,0.13720297533106063,0.03861883281044687,0.14995668264893602,0.16535170282180456
2015-12-29,0.17217289043383177,0.13720297533106063,0.030740347765266574,0.1287899136314894,0.15979446660806795
2015-12-30,0.18676806936028267,0.13720297533106063,0.05631466752839054,0.13311880274543686,0.15979446660806795
